Var1,Var2,Var3,Var4,Var5,Var6,Var7,Var8,Var9,Var10,Var11,Var12,Var13,Var14,Var15,Var16,Var17,Var18,Var19,Var20,Var21,Var22,Var23,Var24,Var25,Var26,Var27,Var28,Var29,Var30,Var31,Var32,Var33,Var34,Var35,Var36,Var37,Var38,Var39,Var40,Var41,Var42,Var43,Var44,Var45,Var46,Var47,Var48,Var49,Var50,Var51,Var52,Var53,Var54,Var55,Var56,Var57,Var58,Var59,Var60,Var61,Var62,Var63,Var64,Var65,Var66,Var67,Var68,Var69,Var70,Var71,Var72,Var73,Var74,Var75,Var76,Var77,Var78,Var79,Var80,Var81,Var82,Var83,Var84,Var85,Var86,Var87,Var88,Var89,Var90
NaN,NaN,NaN,NaN,NaN,NaN,,"",NaN,NaN,NaN,NaN,"",NaN,NaN,,"",NaN,NaN,NaN,44849,NaN,NaN,NaN,,"",NaN,NaN,NaN,NaN,NaN,NaN,NaN,,"",NaN,NaN,NaN,NaN,NaN,NaN,NaN,,"",NaN,NaN,NaN,NaN,NaN,NaN,NaN,,"",NaN,NaN,NaN,NaN,NaN,NaN,NaN,,"",NaN,NaN,NaN,NaN,NaN,NaN,NaN,,"",NaN,NaN,NaN,NaN,NaN,NaN,NaN,NaN,,"",NaN,NaN,NaN,NaN,NaN,NaN,NaN,,""
NaN,4.5,NaN,NaN,0.7853981634,NaN,,"U inclusion threshold for thrust",NaN,NaN,4.5,NaN,"Unobstructed momentum (rho-, D-, and U-normalized)",0.7853981634,NaN,,"U inclusion threshold for thrust",NaN,NaN,4.5,NaN,NaN,0.7853981634,NaN,,"U inclusion threshold for thrust",NaN,NaN,4.5,NaN,NaN,0.7853981634,NaN,,"U inclusion threshold for thrust",NaN,NaN,4.40625,NaN,NaN,0.7853981634,NaN,,"U inclusion threshold for thrust",NaN,NaN,4.5,NaN,NaN,0.7853981634,NaN,,"U inclusion threshold for thrust",NaN,NaN,4.5,NaN,NaN,0.7853981634,NaN,,"U inclusion threshold for thrust",NaN,NaN,4.5,NaN,NaN,0.7853981634,NaN,,"U inclusion threshold for thrust",NaN,NaN,NaN,4.40625,NaN,NaN,0.7853981634,NaN,,"U inclusion threshold for thrust",NaN,NaN,4.5,NaN,NaN,0.7853981634,NaN,,"U inclusion threshold for thrust"
NaN,9.5,NaN,NaN,0.0520211025,NaN,,"0.98",NaN,NaN,14.3,NaN,"Isobaric thrust (sum of half circles = 0.5 * sum of circles)",0,NaN,,"0.98",NaN,NaN,19.3,NaN,NaN,0.445914931,NaN,,"0.98",NaN,NaN,24.3,NaN,NaN,0.4465671736,NaN,,"0.98",NaN,NaN,29.3,NaN,NaN,0.3943041915,0,,"0.98",NaN,NaN,34.3,NaN,NaN,0.4124989892,NaN,,"0.98",NaN,NaN,39.3,NaN,NaN,0.4322513886,NaN,,"0.98",NaN,NaN,44.3,NaN,NaN,0.3397406869,NaN,,"0.98",NaN,NaN,NaN,29.3,NaN,NaN,0.4393400856,NaN,,"0.98",NaN,NaN,34.3,NaN,NaN,0.4374814501,NaN,,"0.98"
NaN,5.2625,NaN,NaN,0.1324706497,NaN,,"",NaN,NaN,10.0625,NaN,"Thrust coefficient",0,NaN,,"",NaN,NaN,15.0625,NaN,NaN,1.135513048,NaN,,"",NaN,NaN,20.0625,NaN,NaN,1.13717397,NaN,,"",NaN,NaN,25.0625,NaN,NaN,1.004087378,NaN,,"",NaN,NaN,30.0625,NaN,NaN,1.05042005,NaN,,"",NaN,NaN,35.0625,NaN,NaN,1.100719123,NaN,,"",NaN,NaN,40.0625,NaN,NaN,0.8651425551,NaN,,"",NaN,NaN,NaN,25.0625,NaN,NaN,1.118770341,NaN,,"",NaN,NaN,30.0625,NaN,NaN,1.114037365,NaN,,""
NaN,1.0525,NaN,NaN,NaN,NaN,,"Trapezium, full circle",NaN,NaN,2.0125,NaN,"",NaN,NaN,,"Trapezium, full circle",NaN,NaN,3.0125,NaN,NaN,NaN,NaN,,"Trapezium, full circle",NaN,NaN,4.0125,NaN,NaN,NaN,NaN,,"Trapezium, full circle",NaN,NaN,5.0125,NaN,NaN,NaN,NaN,,"Trapezium, full circle",NaN,NaN,6.0125,NaN,NaN,NaN,NaN,,"Trapezium, full circle",NaN,NaN,7.0125,NaN,NaN,NaN,NaN,,"Trapezium, full circle",NaN,NaN,8.0125,NaN,NaN,NaN,NaN,,"Trapezium, full circle",NaN,NaN,NaN,5.0125,NaN,NaN,NaN,NaN,,"Trapezium, full circle",NaN,NaN,6.0125,NaN,NaN,NaN,NaN,,"Trapezium, full circle"
NaN,81,NaN,NaN,NaN,NaN,,"dF = pi*(ro-ri)*(ro*uo*(1-uo)+ri*ui*(1-ui)) where o=outer, i=inner",NaN,NaN,81,NaN,"",NaN,NaN,,"dF = pi*(ro-ri)*(ro*uo*(1-uo)+ri*ui*(1-ui)) where o=outer, i=inner",NaN,NaN,81,NaN,NaN,NaN,NaN,,"dF = pi*(ro-ri)*(ro*uo*(1-uo)+ri*ui*(1-ui)) where o=outer, i=inner",NaN,NaN,81,NaN,NaN,NaN,NaN,,"dF = pi*(ro-ri)*(ro*uo*(1-uo)+ri*ui*(1-ui)) where o=outer, i=inner",NaN,NaN,81,NaN,NaN,NaN,NaN,,"dF = pi*(ro-ri)*(ro*uo*(1-uo)+ri*ui*(1-ui)) where o=outer, i=inner",NaN,NaN,78,NaN,NaN,NaN,NaN,,"dF = pi*(ro-ri)*(ro*uo*(1-uo)+ri*ui*(1-ui)) where o=outer, i=inner",NaN,NaN,78,NaN,NaN,NaN,NaN,,"dF = pi*(ro-ri)*(ro*uo*(1-uo)+ri*ui*(1-ui)) where o=outer, i=inner",NaN,NaN,78,NaN,NaN,NaN,NaN,,"dF = pi*(ro-ri)*(ro*uo*(1-uo)+ri*ui*(1-ui)) where o=outer, i=inner",NaN,NaN,NaN,75,NaN,NaN,NaN,NaN,,"dF = pi*(ro-ri)*(ro*uo*(1-uo)+ri*ui*(1-ui)) where o=outer, i=inner",NaN,NaN,75,NaN,NaN,NaN,NaN,,"dF = pi*(ro-ri)*(ro*uo*(1-uo)+ri*ui*(1-ui)) where o=outer, i=inner"
NaN,NaN,NaN,NaN,NaN,NaN,U/Uinf,"Normalized thrust (full circles)",NaN,NaN,NaN,NaN,"h1",NaN,NaN,U/Uinf,"Normalized thrust (full circles)",NaN,NaN,NaN,NaN,NaN,NaN,NaN,U/Uinf,"Normalized thrust (full circles)",NaN,NaN,NaN,NaN,NaN,NaN,NaN,U/Uinf,"Normalized thrust (full circles)",NaN,NaN,NaN,NaN,NaN,NaN,NaN,U/Uinf,"Normalized thrust (full circles)",NaN,NaN,NaN,NaN,NaN,NaN,NaN,U/Uinf,"Normalized thrust (full circles)",NaN,NaN,NaN,NaN,NaN,NaN,NaN,U/Uinf,"Normalized thrust (full circles)",NaN,NaN,NaN,NaN,NaN,NaN,NaN,U/Uinf,"Normalized thrust (full circles)",NaN,NaN,NaN,NaN,NaN,NaN,NaN,NaN,U/Uinf,"Normalized thrust (full circles)",NaN,NaN,NaN,NaN,NaN,NaN,NaN,U/Uinf,"Normalized thrust (full circles)"
-15,-45,2.52,NaN,NaN,0,,"",NaN,-15,-45,2.52,"",NaN,0,,"",NaN,-15,-45,2.52,NaN,NaN,0,,"",NaN,-15,-45,2.52,NaN,NaN,0,,"",NaN,-15,-45,2.52,NaN,NaN,0,,"",NaN,-15,-45,2.46,NaN,NaN,0,,"",NaN,-15,-45,2.46,NaN,NaN,0,,"",NaN,-15,-45,2.46,NaN,NaN,0,,"",NaN,NaN,-15,-45,2.4,NaN,NaN,0,,"",NaN,-15,-45,2.4,NaN,NaN,0,,""
-14.5,-43.5,2.49,NaN,NaN,0,,"",NaN,-14.5,-43.5,2.49,"",NaN,0,,"",NaN,-14.5,-43.5,2.49,NaN,NaN,0,,"",NaN,-14.5,-43.5,2.49,NaN,NaN,0,,"",NaN,-14.5,-43.5,2.49,NaN,NaN,0,,"",NaN,-14.5,-43.5,2.43,NaN,NaN,0,,"",NaN,-14.5,-43.5,2.43,NaN,NaN,0,,"",NaN,-14.5,-43.5,2.43,NaN,NaN,0,,"",NaN,NaN,-14.5,-43.5,2.37,NaN,NaN,0,,"",NaN,-14.5,-43.5,2.37,NaN,NaN,0,,""
-14,-42,2.46,NaN,NaN,0,,"",NaN,-14,-42,2.46,"",NaN,0,,"",NaN,-14,-42,2.46,NaN,NaN,0,,"",NaN,-14,-42,2.46,NaN,NaN,0,,"",NaN,-14,-42,2.46,NaN,NaN,0,,"",NaN,-14,-42,2.4,NaN,NaN,0,,"",NaN,-14,-42,2.4,NaN,NaN,0,,"",NaN,-14,-42,2.4,NaN,NaN,0,,"",NaN,NaN,-14,-42,2.34,NaN,NaN,0,,"",NaN,-14,-42,2.34,NaN,NaN,0,,""
-13.5,-40.5,2.43,NaN,NaN,0,,"",NaN,-13.5,-40.5,2.43,"",NaN,0,,"",NaN,-13.5,-40.5,2.43,NaN,NaN,0,,"",NaN,-13.5,-40.5,2.43,NaN,NaN,0,,"",NaN,-13.5,-40.5,2.43,NaN,NaN,0,,"",NaN,-13.5,-40.5,2.37,NaN,NaN,0,,"",NaN,-13.5,-40.5,2.37,NaN,NaN,0,,"",NaN,-13.5,-40.5,2.37,NaN,NaN,0,,"",NaN,NaN,-13.5,-40.5,2.31,NaN,NaN,0,,"",NaN,-13.5,-40.5,2.31,NaN,NaN,0,,""
-13,-39,2.4,NaN,NaN,0,,"",NaN,-13,-39,2.4,"",NaN,0,,"",NaN,-13,-39,2.4,NaN,NaN,0,,"",NaN,-13,-39,2.4,NaN,NaN,0,,"",NaN,-13,-39,2.4,NaN,NaN,0,,"",NaN,-13,-39,2.34,NaN,NaN,0,,"",NaN,-13,-39,2.34,NaN,NaN,0,,"",NaN,-13,-39,2.34,NaN,NaN,0,,"",NaN,NaN,-13,-39,2.28,NaN,NaN,0,,"",NaN,-13,-39,2.28,NaN,NaN,0,,""
-12.5,-37.5,2.37,NaN,NaN,0,,"",NaN,-12.5,-37.5,2.37,"",NaN,0,,"",NaN,-12.5,-37.5,2.37,NaN,NaN,0,,"",NaN,-12.5,-37.5,2.37,NaN,NaN,0,,"",NaN,-12.5,-37.5,2.37,NaN,NaN,0,,"",NaN,-12.5,-37.5,2.31,NaN,NaN,0,,"",NaN,-12.5,-37.5,2.31,NaN,NaN,0,,"",NaN,-12.5,-37.5,2.31,NaN,NaN,0,,"",NaN,NaN,-12.5,-37.5,2.25,NaN,NaN,0,,"",NaN,-12.5,-37.5,2.25,NaN,NaN,0,,""
-12,-36,2.34,NaN,NaN,0,,"",NaN,-12,-36,2.34,"",NaN,0,,"",NaN,-12,-36,2.34,NaN,NaN,0,,"",NaN,-12,-36,2.34,NaN,NaN,0,,"",NaN,-12,-36,2.34,NaN,NaN,0,,"",NaN,-12,-36,2.28,NaN,NaN,0,,"",NaN,-12,-36,2.28,NaN,NaN,0,,"",NaN,-12,-36,2.28,NaN,NaN,0,,"",NaN,NaN,-12,-36,2.22,NaN,NaN,0,,"",NaN,-12,-36,2.22,NaN,NaN,0,,""
-11.5,-34.5,2.31,NaN,NaN,0,,"",NaN,-11.5,-34.5,2.31,"",NaN,0,,"",NaN,-11.5,-34.5,2.31,NaN,NaN,0,,"",NaN,-11.5,-34.5,2.31,NaN,NaN,0,,"",NaN,-11.5,-34.5,2.31,NaN,NaN,0,,"",NaN,-11.5,-34.5,2.25,NaN,NaN,0,,"",NaN,-11.5,-34.5,2.25,NaN,NaN,0,,"",NaN,-11.5,-34.5,2.25,NaN,NaN,0,,"",NaN,NaN,-11.5,-34.5,2.19,NaN,NaN,0,,"",NaN,-11.5,-34.5,2.19,NaN,NaN,0,,""
-11,-33,2.28,NaN,NaN,0,,"",NaN,-11,-33,2.28,"",NaN,0,,"",NaN,-11,-33,2.28,NaN,NaN,0,,"",NaN,-11,-33,2.28,NaN,NaN,0,,"",NaN,-11,-33,2.28,NaN,NaN,0,,"",NaN,-11,-33,2.22,NaN,NaN,0,,"",NaN,-11,-33,2.22,NaN,NaN,0,,"",NaN,-11,-33,2.22,NaN,NaN,0,,"",NaN,NaN,-11,-33,2.16,NaN,NaN,0,,"",NaN,-11,-33,2.16,NaN,NaN,0,,""
-10.5,-31.5,2.25,NaN,NaN,0,,"",NaN,-10.5,-31.5,2.25,"",NaN,0,,"",NaN,-10.5,-31.5,2.25,NaN,NaN,0,,"",NaN,-10.5,-31.5,2.25,NaN,NaN,0,,"",NaN,-10.5,-31.5,2.25,NaN,NaN,0,,"",NaN,-10.5,-31.5,2.19,NaN,NaN,0,,"",NaN,-10.5,-31.5,2.19,NaN,NaN,0,,"",NaN,-10.5,-31.5,2.19,NaN,NaN,0,,"",NaN,NaN,-10.5,-31.5,2.13,NaN,NaN,0,,"",NaN,-10.5,-31.5,2.13,NaN,NaN,0,,""
-10,-30,2.22,NaN,NaN,0,,"",NaN,-10,-30,2.22,"",NaN,0,,"",NaN,-10,-30,2.22,NaN,NaN,0,,"",NaN,-10,-30,2.22,NaN,NaN,0,,"",NaN,-10,-30,2.22,NaN,NaN,0,,"",NaN,-10,-30,2.16,NaN,NaN,0,,"",NaN,-10,-30,2.16,NaN,NaN,0,,"",NaN,-10,-30,2.16,NaN,NaN,0,,"",NaN,NaN,-10,-30,2.1,NaN,NaN,0,,"",NaN,-10,-30,2.1,NaN,NaN,0,,""
-9.5,-28.5,2.19,NaN,NaN,0,,"",NaN,-9.5,-28.5,2.19,"",NaN,0,,"",NaN,-9.5,-28.5,2.19,NaN,NaN,0,,"",NaN,-9.5,-28.5,2.19,NaN,NaN,0,,"",NaN,-9.5,-28.5,2.19,NaN,NaN,0,,"",NaN,-9.5,-28.5,2.13,NaN,NaN,0,,"",NaN,-9.5,-28.5,2.13,NaN,NaN,0,,"",NaN,-9.5,-28.5,2.13,NaN,NaN,0,,"",NaN,NaN,-9.5,-28.5,2.07,NaN,NaN,0,,"",NaN,-9.5,-28.5,2.07,NaN,NaN,0,,""
-9,-27,2.16,NaN,NaN,0,,"",NaN,-9,-27,2.16,"",NaN,0,,"",NaN,-9,-27,2.16,NaN,NaN,0,,"",NaN,-9,-27,2.16,NaN,NaN,0,,"",NaN,-9,-27,2.16,NaN,NaN,0,,"",NaN,-9,-27,2.1,NaN,NaN,0,,"",NaN,-9,-27,2.1,NaN,NaN,0,,"",NaN,-9,-27,2.1,NaN,NaN,0,,"",NaN,NaN,-9,-27,2.04,NaN,NaN,0,,"",NaN,-9,-27,2.04,NaN,NaN,0,,""
-8.5,-25.5,2.13,NaN,NaN,0,,"",NaN,-8.5,-25.5,2.13,"",NaN,0,,"",NaN,-8.5,-25.5,2.13,NaN,NaN,0,,"",NaN,-8.5,-25.5,2.13,NaN,NaN,0,,"",NaN,-8.5,-25.5,2.13,NaN,NaN,0,,"",NaN,-8.5,-25.5,2.07,NaN,NaN,0,,"",NaN,-8.5,-25.5,2.07,NaN,NaN,0,,"",NaN,-8.5,-25.5,2.07,NaN,NaN,0,,"",NaN,NaN,-8.5,-25.5,2.01,NaN,NaN,0,,"",NaN,-8.5,-25.5,2.01,NaN,NaN,0,,""
-8,-24,2.1,NaN,NaN,0,,"",NaN,-8,-24,2.1,"",NaN,0,,"",NaN,-8,-24,2.1,NaN,NaN,0,,"",NaN,-8,-24,2.1,NaN,NaN,0,,"",NaN,-8,-24,2.1,NaN,NaN,0,,"",NaN,-8,-24,2.04,NaN,NaN,0,,"",NaN,-8,-24,2.04,NaN,NaN,0,,"",NaN,-8,-24,2.04,NaN,NaN,0,,"",NaN,NaN,-8,-24,1.98,NaN,NaN,0,,"",NaN,-8,-24,1.98,NaN,NaN,0,,""
-7.5,-22.5,2.07,NaN,NaN,0,,"",NaN,-7.5,-22.5,2.07,"",NaN,0,,"",NaN,-7.5,-22.5,2.07,NaN,NaN,0,,"",NaN,-7.5,-22.5,2.07,NaN,NaN,0,,"",NaN,-7.5,-22.5,2.07,NaN,NaN,0,,"",NaN,-7.5,-22.5,2.01,NaN,NaN,0,,"",NaN,-7.5,-22.5,2.01,NaN,NaN,0,,"",NaN,-7.5,-22.5,2.01,NaN,NaN,0,,"",NaN,NaN,-7.5,-22.5,1.95,NaN,NaN,0,,"",NaN,-7.5,-22.5,1.95,NaN,NaN,0,,""
-7,-21,2.04,NaN,NaN,0,,"",NaN,-7,-21,2.04,"",NaN,0,,"",NaN,-7,-21,2.04,NaN,NaN,0,,"",NaN,-7,-21,2.04,NaN,NaN,0,,"",NaN,-7,-21,2.04,NaN,NaN,0,,"",NaN,-7,-21,1.98,NaN,NaN,0,,"",NaN,-7,-21,1.98,NaN,NaN,0,,"",NaN,-7,-21,1.98,149.75,154.25,4.5,1,"0",NaN,NaN,-7,-21,1.92,NaN,NaN,0,,"",NaN,-7,-21,1.92,NaN,NaN,0,,""
-6.5,-19.5,2.01,NaN,NaN,0,,"",NaN,-6.5,-19.5,2.01,"",NaN,0,,"",NaN,-6.5,-19.5,2.01,NaN,NaN,0,,"",NaN,-6.5,-19.5,2.01,NaN,NaN,0,,"",NaN,-6.5,-19.5,2.01,NaN,NaN,0,,"",NaN,-6.5,-19.5,1.95,NaN,NaN,0,,"",NaN,-6.5,-19.5,1.95,NaN,NaN,0,,"",NaN,-6.5,-19.5,1.95,NaN,NaN,0,,"",NaN,NaN,-6.5,-19.5,1.89,NaN,NaN,0,,"",NaN,-6.5,-19.5,1.89,NaN,NaN,0,,""
-6,-18,1.98,NaN,NaN,0,,"",NaN,-6,-18,1.98,"",NaN,0,,"",NaN,-6,-18,1.98,NaN,NaN,0,,"",NaN,-6,-18,1.98,NaN,NaN,0,,"",NaN,-6,-18,1.98,149.8125,154.21875,4.40625,1,"0",NaN,-6,-18,1.92,NaN,NaN,0,,"",NaN,-6,-18,1.92,149.78125,154.1875,4.40625,0.9895285073,"0",NaN,-6,-18,1.92,149.75,154.25,4.5,1,"0",NaN,NaN,-6,-18,1.86,NaN,NaN,0,,"",NaN,-6,-18,1.86,NaN,NaN,0,,""
-5.5,-16.5,1.95,NaN,NaN,0,,"",NaN,-5.5,-16.5,1.95,"",NaN,0,,"",NaN,-5.5,-16.5,1.95,NaN,NaN,0,,"",NaN,-5.5,-16.5,1.95,NaN,NaN,0,,"",NaN,-5.5,-16.5,1.95,NaN,NaN,0,,"",NaN,-5.5,-16.5,1.89,NaN,NaN,0,,"",NaN,-5.5,-16.5,1.89,NaN,NaN,0,,"",NaN,-5.5,-16.5,1.89,NaN,NaN,0,,"",NaN,NaN,-5.5,-16.5,1.83,NaN,NaN,0,,"",NaN,-5.5,-16.5,1.83,NaN,NaN,0,,""
-5,-15,1.92,NaN,NaN,0,,"",NaN,-5,-15,1.92,"",NaN,0,,"",NaN,-5,-15,1.92,NaN,NaN,0,,"",NaN,-5,-15,1.92,NaN,NaN,0,,"",NaN,-5,-15,1.92,149.8125,154.21875,4.40625,1,"0",NaN,-5,-15,1.86,NaN,NaN,0,,"",NaN,-5,-15,1.86,149.78125,154.1875,4.40625,0.9895285073,"0",NaN,-5,-15,1.86,149.75,154.25,4.5,1,"0",NaN,NaN,-5,-15,1.8,NaN,NaN,0,,"",NaN,-5,-15,1.8,NaN,NaN,0,,""
-4.5,-13.5,1.89,NaN,NaN,0,,"",NaN,-4.5,-13.5,1.89,"",NaN,0,,"",NaN,-4.5,-13.5,1.89,NaN,NaN,0,,"",NaN,-4.5,-13.5,1.89,NaN,NaN,0,,"",NaN,-4.5,-13.5,1.89,NaN,NaN,0,,"",NaN,-4.5,-13.5,1.83,NaN,NaN,0,,"",NaN,-4.5,-13.5,1.83,NaN,NaN,0,,"",NaN,-4.5,-13.5,1.83,NaN,NaN,0,,"",NaN,NaN,-4.5,-13.5,1.77,NaN,NaN,0,,"",NaN,-4.5,-13.5,1.77,NaN,NaN,0,,""
-4,-12,1.86,NaN,NaN,0,,"",NaN,-4,-12,1.86,"",NaN,0,,"",NaN,-4,-12,1.86,NaN,NaN,0,,"",NaN,-4,-12,1.86,NaN,NaN,0,,"",NaN,-4,-12,1.86,149.8125,154.21875,4.40625,1,"0",NaN,-4,-12,1.8,149.78125,154.1875,4.40625,0.9895285073,"0",NaN,-4,-12,1.8,149.78125,154.1875,4.40625,0.9895285073,"0",NaN,-4,-12,1.8,149.75,154.25,4.5,1,"0",NaN,NaN,-4,-12,1.74,NaN,NaN,0,,"",NaN,-4,-12,1.74,NaN,NaN,0,,""
-3.5,-10.5,1.83,NaN,NaN,0,,"",NaN,-3.5,-10.5,1.83,"",NaN,0,,"",NaN,-3.5,-10.5,1.83,NaN,NaN,0,,"",NaN,-3.5,-10.5,1.83,NaN,NaN,0,,"",NaN,-3.5,-10.5,1.83,NaN,NaN,0,,"",NaN,-3.5,-10.5,1.77,NaN,NaN,0,,"",NaN,-3.5,-10.5,1.77,NaN,NaN,0,,"",NaN,-3.5,-10.5,1.77,NaN,NaN,0,,"",NaN,NaN,-3.5,-10.5,1.71,NaN,NaN,0,,"",NaN,-3.5,-10.5,1.71,NaN,NaN,0,,""
-3,-9,1.8,NaN,NaN,0,,"",NaN,-3,-9,1.8,"",NaN,0,,"",NaN,-3,-9,1.8,149.78125,154.1875,4.40625,0.9895285073,"0",NaN,-3,-9,1.8,NaN,NaN,0,,"",NaN,-3,-9,1.8,149.8125,154.21875,4.40625,1,"0",NaN,-3,-9,1.74,149.78125,154.1875,4.40625,0.9895285073,"0",NaN,-3,-9,1.74,149.78125,154.1875,4.40625,0.9895285073,"0",NaN,-3,-9,1.74,149.75,154.25,4.5,1,"0",NaN,NaN,-3,-9,1.68,NaN,NaN,0,,"",NaN,-3,-9,1.68,149.78125,154.1875,4.40625,0.9895285073,"0"
-2.5,-7.5,1.77,NaN,NaN,0,,"",NaN,-2.5,-7.5,1.77,"",NaN,0,,"",NaN,-2.5,-7.5,1.77,NaN,NaN,0,,"",NaN,-2.5,-7.5,1.77,NaN,NaN,0,,"",NaN,-2.5,-7.5,1.77,NaN,NaN,0,,"",NaN,-2.5,-7.5,1.71,NaN,NaN,0,,"",NaN,-2.5,-7.5,1.71,NaN,NaN,0,,"",NaN,-2.5,-7.5,1.71,NaN,NaN,0,,"",NaN,NaN,-2.5,-7.5,1.65,NaN,NaN,0,,"",NaN,-2.5,-7.5,1.65,NaN,NaN,0,,""
-2,-6,1.74,NaN,NaN,0,,"",NaN,-2,-6,1.74,"",NaN,0,,"",NaN,-2,-6,1.74,149.78125,154.1875,4.40625,0.9895285073,"0",NaN,-2,-6,1.74,NaN,NaN,0,,"",NaN,-2,-6,1.74,149.8125,154.21875,4.40625,1,"0",NaN,-2,-6,1.68,149.78125,154.1875,4.40625,0.9895285073,"0",NaN,-2,-6,1.68,149.78125,154.1875,4.40625,0.9895285073,"0",NaN,-2,-6,1.68,149.75,154.25,4.5,1,"0",NaN,NaN,-2,-6,1.62,149.8125,154.125,4.3125,0.9893045053,"0",NaN,-2,-6,1.62,149.78125,154.1875,4.40625,0.9895285073,"0"
-1.5,-4.5,1.71,NaN,NaN,0,,"",NaN,-1.5,-4.5,1.71,"",NaN,0,,"",NaN,-1.5,-4.5,1.71,NaN,NaN,0,,"",NaN,-1.5,-4.5,1.71,NaN,NaN,0,,"",NaN,-1.5,-4.5,1.71,NaN,NaN,0,,"",NaN,-1.5,-4.5,1.65,NaN,NaN,0,,"",NaN,-1.5,-4.5,1.65,NaN,NaN,0,,"",NaN,-1.5,-4.5,1.65,NaN,NaN,0,,"",NaN,NaN,-1.5,-4.5,1.59,NaN,NaN,0,,"",NaN,-1.5,-4.5,1.59,NaN,NaN,0,,""
-1,-3,1.68,NaN,NaN,0,,"",NaN,-1,-3,1.68,"",NaN,0,,"",NaN,-1,-3,1.68,149.78125,154.1875,4.40625,0.9895285073,"0",NaN,-1,-3,1.68,149.78125,154.1875,4.40625,0.9895285073,"0",NaN,-1,-3,1.68,149.8125,154.21875,4.40625,1,"0",NaN,-1,-3,1.62,149.78125,154.1875,4.40625,0.9895285073,"0",NaN,-1,-3,1.62,149.78125,154.1875,4.40625,0.9895285073,"0",NaN,-1,-3,1.62,149.75,154.21875,4.46875,0.9965217286,"0",NaN,NaN,-1,-3,1.56,149.8125,154.125,4.3125,0.9893045053,"0",NaN,-1,-3,1.56,149.78125,154.1875,4.40625,0.9895285073,"0"
-0.5,-1.5,1.65,NaN,NaN,0,,"",NaN,-0.5,-1.5,1.65,"",NaN,0,,"",NaN,-0.5,-1.5,1.65,NaN,NaN,0,,"",NaN,-0.5,-1.5,1.65,NaN,NaN,0,,"",NaN,-0.5,-1.5,1.65,NaN,NaN,0,,"",NaN,-0.5,-1.5,1.59,NaN,NaN,0,,"",NaN,-0.5,-1.5,1.59,NaN,NaN,0,,"",NaN,-0.5,-1.5,1.59,NaN,NaN,0,,"",NaN,NaN,-0.5,-1.5,1.53,NaN,NaN,0,,"",NaN,-0.5,-1.5,1.53,NaN,NaN,0,,""
0,0,1.62,NaN,NaN,0,,"",NaN,0,0,1.62,"",NaN,0,,"",NaN,0,0,1.62,149.78125,154.1875,4.40625,0.9895285073,"0",NaN,0,0,1.62,149.78125,154.1875,4.40625,0.9895285073,"0",NaN,0,0,1.62,149.8125,154.21875,4.40625,1,"0",NaN,0,0,1.56,149.78125,154.1875,4.40625,0.9895285073,"0",NaN,0,0,1.56,149.8125,154.15625,4.34375,0.9824855102,"0",NaN,0,0,1.56,149.75,154.1875,4.4375,0.993031274,"0",NaN,NaN,0,0,1.5,149.8125,154.125,4.3125,0.9893045053,"0",NaN,0,0,1.5,149.78125,154.1875,4.40625,0.9895285073,"0"
0.5,1.5,1.59,NaN,NaN,0,,"",NaN,0.5,1.5,1.59,"",NaN,0,,"",NaN,0.5,1.5,1.59,NaN,NaN,0,,"",NaN,0.5,1.5,1.59,NaN,NaN,0,,"",NaN,0.5,1.5,1.59,NaN,NaN,0,,"",NaN,0.5,1.5,1.53,NaN,NaN,0,,"",NaN,0.5,1.5,1.53,NaN,NaN,0,,"",NaN,0.5,1.5,1.53,NaN,NaN,0,,"",NaN,NaN,0.5,1.5,1.47,NaN,NaN,0,,"",NaN,0.5,1.5,1.47,NaN,NaN,0,,""
1,3,1.56,NaN,NaN,0,,"",NaN,1,3,1.56,"",NaN,0,,"",NaN,1,3,1.56,149.78125,154.1875,4.40625,0.9895285073,"0",NaN,1,3,1.56,149.78125,154.1875,4.40625,0.9895285073,"0",NaN,1,3,1.56,149.84375,154.1875,4.34375,0.9928824718,"0",NaN,1,3,1.5,149.78125,154.1875,4.40625,0.9895285073,"0",NaN,1,3,1.5,149.8125,154.15625,4.34375,0.9824855102,"0",NaN,1,3,1.5,149.75,154.1875,4.4375,0.993031274,"0",NaN,NaN,1,3,1.44,149.8125,154.125,4.3125,0.9893045053,"0",NaN,1,3,1.44,149.78125,154.1875,4.40625,0.9895285073,"0"
1.5,4.5,1.53,NaN,NaN,0,,"",NaN,1.5,4.5,1.53,"",NaN,0,,"",NaN,1.5,4.5,1.53,NaN,NaN,0,,"",NaN,1.5,4.5,1.53,NaN,NaN,0,,"",NaN,1.5,4.5,1.53,NaN,NaN,0,,"",NaN,1.5,4.5,1.47,NaN,NaN,0,,"",NaN,1.5,4.5,1.47,NaN,NaN,0,,"",NaN,1.5,4.5,1.47,NaN,NaN,0,,"",NaN,NaN,1.5,4.5,1.41,NaN,NaN,0,,"",NaN,1.5,4.5,1.41,NaN,NaN,0,,""
2,6,1.5,NaN,NaN,0,,"",NaN,2,6,1.5,"",NaN,0,,"",NaN,2,6,1.5,149.78125,154.1875,4.40625,0.9895285073,"0",NaN,2,6,1.5,149.78125,154.1875,4.40625,0.9895285073,"0",NaN,2,6,1.5,149.84375,154.1875,4.34375,0.9928824718,"0",NaN,2,6,1.44,149.78125,154.1875,4.40625,0.9895285073,"0",NaN,2,6,1.44,149.8125,154.125,4.3125,0.9789450104,"0.01095629104",NaN,2,6,1.44,149.78125,154.1875,4.40625,0.9895285073,"0",NaN,NaN,2,6,1.38,149.8125,154.125,4.3125,0.9893045053,"0",NaN,2,6,1.38,149.78125,154.1875,4.40625,0.9895285073,"0"
2.5,7.5,1.47,NaN,NaN,0,,"",NaN,2.5,7.5,1.47,"",NaN,0,,"",NaN,2.5,7.5,1.47,NaN,NaN,0,,"",NaN,2.5,7.5,1.47,NaN,NaN,0,,"",NaN,2.5,7.5,1.47,NaN,NaN,0,,"",NaN,2.5,7.5,1.41,NaN,NaN,0,,"",NaN,2.5,7.5,1.41,NaN,NaN,0,,"",NaN,2.5,7.5,1.41,NaN,NaN,0,,"",NaN,NaN,2.5,7.5,1.35,NaN,NaN,0,,"",NaN,2.5,7.5,1.35,NaN,NaN,0,,""
3,9,1.44,NaN,NaN,0,,"",NaN,3,9,1.44,"",NaN,0,,"",NaN,3,9,1.44,149.78125,154.1875,4.40625,0.9895285073,"0",NaN,3,9,1.44,149.78125,154.1875,4.40625,0.9895285073,"0",NaN,3,9,1.44,149.84375,154.1875,4.34375,0.9928824718,"0",NaN,3,9,1.38,149.8125,154.15625,4.34375,0.9824855102,"0",NaN,3,9,1.38,149.8125,154.125,4.3125,0.9789450104,"0.01133381785",NaN,3,9,1.38,149.8125,154.1875,4.375,0.9860132972,"0",NaN,NaN,3,9,1.32,149.8125,154.125,4.3125,0.9893045053,"0",NaN,3,9,1.32,149.78125,154.1875,4.40625,0.9895285073,"0"
3.5,10.5,1.41,NaN,NaN,0,,"",NaN,3.5,10.5,1.41,"",NaN,0,,"",NaN,3.5,10.5,1.41,NaN,NaN,0,,"",NaN,3.5,10.5,1.41,NaN,NaN,0,,"",NaN,3.5,10.5,1.41,NaN,NaN,0,,"",NaN,3.5,10.5,1.35,NaN,NaN,0,,"",NaN,3.5,10.5,1.35,NaN,NaN,0,,"",NaN,3.5,10.5,1.35,NaN,NaN,0,,"",NaN,NaN,3.5,10.5,1.29,NaN,NaN,0,,"",NaN,3.5,10.5,1.29,NaN,NaN,0,,""
4,12,1.38,NaN,NaN,0,,"",NaN,4,12,1.38,"",NaN,0,,"",NaN,4,12,1.38,149.78125,154.1875,4.40625,0.9895285073,"0",NaN,4,12,1.38,149.8125,154.1875,4.375,0.9860132972,"0",NaN,4,12,1.38,149.84375,154.1875,4.34375,0.9928824718,"0",NaN,4,12,1.32,149.8125,154.15625,4.34375,0.9824855102,"0",NaN,4,12,1.32,149.84375,154.125,4.28125,0.9753916592,"0.01327450022",NaN,4,12,1.32,149.8125,154.15625,4.34375,0.9824855102,"0",NaN,NaN,4,12,1.26,149.8125,154.09375,4.28125,0.9857135515,"0",NaN,4,12,1.26,149.8125,154.15625,4.34375,0.9824855102,"0"
4.5,13.5,1.35,NaN,NaN,0,,"",NaN,4.5,13.5,1.35,"",NaN,0,,"",NaN,4.5,13.5,1.35,NaN,NaN,0,,"",NaN,4.5,13.5,1.35,NaN,NaN,0,,"",NaN,4.5,13.5,1.35,NaN,NaN,0,,"",NaN,4.5,13.5,1.29,NaN,NaN,0,,"",NaN,4.5,13.5,1.29,NaN,NaN,0,,"",NaN,4.5,13.5,1.29,NaN,NaN,0,,"",NaN,NaN,4.5,13.5,1.23,NaN,NaN,0,,"",NaN,4.5,13.5,1.23,NaN,NaN,0,,""
5,15,1.32,NaN,NaN,0,,"",NaN,5,15,1.32,"",NaN,0,,"",NaN,5,15,1.32,149.8125,154.1875,4.375,0.9860132972,"0",NaN,5,15,1.32,149.8125,154.1875,4.375,0.9860132972,"0",NaN,5,15,1.32,149.84375,154.15625,4.3125,0.9893045053,"0",NaN,5,15,1.26,149.84375,154.125,4.28125,0.9753916592,"0.01189417087",NaN,5,15,1.26,149.875,154.09375,4.21875,0.9682458366,"0.01577004369",NaN,5,15,1.26,149.84375,154.125,4.28125,0.9753916592,"0.01265530806",NaN,NaN,5,15,1.2,149.84375,154.09375,4.25,0.982109468,"0",NaN,5,15,1.2,149.8125,154.125,4.3125,0.9789450104,"0.009820085312"
5.5,16.5,1.29,NaN,NaN,0,,"",NaN,5.5,16.5,1.29,"",NaN,0,,"",NaN,5.5,16.5,1.29,NaN,NaN,0,,"",NaN,5.5,16.5,1.29,NaN,NaN,0,,"",NaN,5.5,16.5,1.29,NaN,NaN,0,,"",NaN,5.5,16.5,1.23,NaN,NaN,0,,"",NaN,5.5,16.5,1.23,NaN,NaN,0,,"",NaN,5.5,16.5,1.23,NaN,NaN,0,,"",NaN,NaN,5.5,16.5,1.17,NaN,NaN,0,,"",NaN,5.5,16.5,1.17,NaN,NaN,0,,""
6,18,1.26,NaN,NaN,0,,"",NaN,6,18,1.26,"",NaN,0,,"",NaN,6,18,1.26,149.8125,154.1875,4.375,0.9860132972,"0",NaN,6,18,1.26,149.8125,154.1875,4.375,0.9860132972,"0",NaN,6,18,1.26,149.875,154.15625,4.28125,0.9857135515,"0",NaN,6,18,1.2,149.84375,154.09375,4.25,0.9718253158,"0.01352045058",NaN,6,18,1.2,149.90625,154.0625,4.15625,0.9610468829,"0.01722657692",NaN,6,18,1.2,149.875,154.09375,4.21875,0.9682458366,"0.01428158777",NaN,NaN,6,18,1.14,149.84375,154.0625,4.21875,0.9784921096,"0.009511278449",NaN,6,18,1.14,149.84375,154.125,4.28125,0.9753916592,"0.01141692375"
6.5,19.5,1.23,NaN,NaN,0,,"",NaN,6.5,19.5,1.23,"",NaN,0,,"",NaN,6.5,19.5,1.23,NaN,NaN,0,,"",NaN,6.5,19.5,1.23,NaN,NaN,0,,"",NaN,6.5,19.5,1.23,NaN,NaN,0,,"",NaN,6.5,19.5,1.17,NaN,NaN,0,,"",NaN,6.5,19.5,1.17,NaN,NaN,0,,"",NaN,6.5,19.5,1.17,NaN,NaN,0,,"",NaN,NaN,6.5,19.5,1.11,NaN,NaN,0,,"",NaN,6.5,19.5,1.11,NaN,NaN,0,,""
7,21,1.2,NaN,NaN,0,,"",NaN,7,21,1.2,"",NaN,0,,"",NaN,7,21,1.2,149.8125,154.1875,4.375,0.9860132972,"0",NaN,7,21,1.2,149.8125,154.15625,4.34375,0.9824855102,"0",NaN,7,21,1.2,149.875,154.125,4.25,0.982109468,"0",NaN,7,21,1.14,149.875,154.0625,4.1875,0.9646530752,"0.01629888212",NaN,7,21,1.14,149.90625,154.03125,4.125,0.9574271078,"0.01907017208",NaN,7,21,1.14,149.875,154.0625,4.1875,0.9646530752,"0.01697007707",NaN,NaN,7,21,1.08,149.875,154.0625,4.1875,0.9748613286,"0.01168151285",NaN,7,21,1.08,149.875,154.09375,4.21875,0.9682458366,"0.01281486561"
7.5,22.5,1.17,NaN,NaN,0,,"",NaN,7.5,22.5,1.17,"",NaN,0,,"",NaN,7.5,22.5,1.17,NaN,NaN,0,,"",NaN,7.5,22.5,1.17,NaN,NaN,0,,"",NaN,7.5,22.5,1.17,NaN,NaN,0,,"",NaN,7.5,22.5,1.11,NaN,NaN,0,,"",NaN,7.5,22.5,1.11,NaN,NaN,0,,"",NaN,7.5,22.5,1.11,NaN,NaN,0,,"",NaN,NaN,7.5,22.5,1.05,NaN,NaN,0,,"",NaN,7.5,22.5,1.05,NaN,NaN,0,,""
8,24,1.14,NaN,NaN,0,,"",NaN,8,24,1.14,"",NaN,0,,"",NaN,8,24,1.14,149.8125,154.15625,4.34375,0.9824855102,"0",NaN,8,24,1.14,149.84375,154.15625,4.3125,0.9789450104,"0.0100032054",NaN,8,24,1.14,149.90625,154.09375,4.1875,0.9748613286,"0.01165608182",NaN,8,24,1.08,149.9375,154.03125,4.09375,0.9537935952,"0.01871035225",NaN,8,24,1.08,149.96875,154,4.03125,0.9464847243,"0.02192696003",NaN,8,24,1.08,149.9375,154,4.0625,0.9501461876,"0.01875034328",NaN,NaN,8,24,1.02,149.90625,154,4.09375,0.9638869302,"0.01360779582",NaN,8,24,1.02,149.875,154.0625,4.1875,0.9646530752,"0.01512736116"
8.5,25.5,1.11,NaN,NaN,0,,"",NaN,8.5,25.5,1.11,"",NaN,0,,"",NaN,8.5,25.5,1.11,NaN,NaN,0,,"",NaN,8.5,25.5,1.11,NaN,NaN,0,,"",NaN,8.5,25.5,1.11,NaN,NaN,0,,"",NaN,8.5,25.5,1.05,NaN,NaN,0,,"",NaN,8.5,25.5,1.05,NaN,NaN,0,,"",NaN,8.5,25.5,1.05,NaN,NaN,0,,"",NaN,NaN,8.5,25.5,0.99,NaN,NaN,0,,"",NaN,8.5,25.5,0.99,NaN,NaN,0,,""
9,27,1.08,NaN,NaN,0,,"",NaN,9,27,1.08,"",NaN,0,,"",NaN,9,27,1.08,149.84375,154.125,4.28125,0.9753916592,"0.01079773159",NaN,9,27,1.08,149.875,154.125,4.25,0.9718253158,"0.01341089185",NaN,9,27,1.08,149.9375,154.0625,4.125,0.9675588937,"0.01503896475",NaN,9,27,1.02,149.96875,154,4.03125,0.9464847243,"0.02067083613",NaN,9,27,1.02,150,153.9375,3.9375,0.9354143467,"0.02371241431",NaN,9,27,1.02,149.9375,154,4.0625,0.9501461876,"0.02003963222",NaN,NaN,9,27,0.96,149.9375,154,4.0625,0.9602009246,"0.01568529109",NaN,9,27,0.96,149.9375,154,4.0625,0.9501461876,"0.01716439154"
9.5,28.5,1.05,NaN,NaN,0,,"",NaN,9.5,28.5,1.05,"",NaN,0,,"",NaN,9.5,28.5,1.05,NaN,NaN,0,,"",NaN,9.5,28.5,1.05,NaN,NaN,0,,"",NaN,9.5,28.5,1.05,NaN,NaN,0,,"",NaN,9.5,28.5,0.99,NaN,NaN,0,,"",NaN,9.5,28.5,0.99,NaN,NaN,0,,"",NaN,9.5,28.5,0.99,NaN,NaN,0,,"",NaN,NaN,9.5,28.5,0.93,NaN,NaN,0,,"",NaN,9.5,28.5,0.93,NaN,NaN,0,,""
10,30,1.02,NaN,NaN,0,,"",NaN,10,30,1.02,"",NaN,0,,"",NaN,10,30,1.02,149.875,154.09375,4.21875,0.9682458366,"0.0138863305",NaN,10,30,1.02,149.9375,154.0625,4.125,0.9574271078,"0.01759398634",NaN,10,30,1.02,150,154,4,0.9527861347,"0.01920742504",NaN,10,30,0.96,150,153.9375,3.9375,0.9354143467,"0.02335457135",NaN,10,30,0.96,150.03125,153.90625,3.875,0.9279607271,"0.02505589122",NaN,10,30,0.96,150,153.9375,3.9375,0.9354143467,"0.02172849843",NaN,NaN,10,30,0.9,150,153.9375,3.9375,0.9453131869,"0.01853167476",NaN,10,30,0.9,149.96875,154,4.03125,0.9464847243,"0.01815858833"
10.5,31.5,0.99,NaN,NaN,0,,"",NaN,10.5,31.5,0.99,"",NaN,0,,"",NaN,10.5,31.5,0.99,NaN,NaN,0,,"",NaN,10.5,31.5,0.99,NaN,NaN,0,,"",NaN,10.5,31.5,0.99,NaN,NaN,0,,"",NaN,10.5,31.5,0.93,NaN,NaN,0,,"",NaN,10.5,31.5,0.93,NaN,NaN,0,,"",NaN,10.5,31.5,0.93,NaN,NaN,0,,"",NaN,NaN,10.5,31.5,0.87,NaN,NaN,0,,"",NaN,10.5,31.5,0.87,NaN,NaN,0,,""
11,33,0.96,NaN,NaN,0,,"",NaN,11,33,0.96,"",NaN,0,,"",NaN,11,33,0.96,149.9375,154.03125,4.09375,0.9537935952,"0.01985777268",NaN,11,33,0.96,150,154,4,0.9428090416,"0.02163996587",NaN,11,33,0.96,150.0625,153.9375,3.875,0.9377806908,"0.02268257249",NaN,11,33,0.9,150.0625,153.875,3.8125,0.9204467514,"0.02551198003",NaN,11,33,0.9,150.0625,153.84375,3.78125,0.9166666667,"0.026048801",NaN,11,33,0.9,150.03125,153.9375,3.90625,0.9316949906,"0.02188679373",NaN,NaN,11,33,0.84,150.03125,153.875,3.84375,0.9339916625,"0.02121965674",NaN,11,33,0.84,150,153.9375,3.9375,0.9354143467,"0.01939444978"
11.5,34.5,0.93,NaN,NaN,0,,"",NaN,11.5,34.5,0.93,"",NaN,0,,"",NaN,11.5,34.5,0.93,NaN,NaN,0,,"",NaN,11.5,34.5,0.93,NaN,NaN,0,,"",NaN,11.5,34.5,0.93,NaN,NaN,0,,"",NaN,11.5,34.5,0.87,NaN,NaN,0,,"",NaN,11.5,34.5,0.87,NaN,NaN,0,,"",NaN,11.5,34.5,0.87,NaN,NaN,0,,"",NaN,NaN,11.5,34.5,0.81,NaN,NaN,0,,"",NaN,11.5,34.5,0.81,NaN,NaN,0,,""
12,36,0.9,NaN,NaN,0,,"",NaN,12,36,0.9,"",NaN,0,,"",NaN,12,36,0.9,150.0625,153.90625,3.84375,0.9242113755,"0.02741398655",NaN,12,36,0.9,150.0625,153.90625,3.84375,0.9242113755,"0.02447649114",NaN,12,36,0.9,150.125,153.875,3.75,0.922531208,"0.02647916796",NaN,12,36,0.84,150.125,153.84375,3.71875,0.9090593429,"0.02706303481",NaN,12,36,0.84,150.125,153.84375,3.71875,0.9090593429,"0.02615859942",NaN,12,36,0.84,150.0625,153.90625,3.84375,0.9242113755,"0.02232181165",NaN,NaN,12,36,0.78,150.125,153.8125,3.6875,0.9148111459,"0.02376232661",NaN,12,36,0.78,150.0625,153.9375,3.875,0.9279607271,"0.02062325569"
12.5,37.5,0.87,NaN,NaN,0,,"",NaN,12.5,37.5,0.87,"",NaN,0,,"",NaN,12.5,37.5,0.87,NaN,NaN,0,,"",NaN,12.5,37.5,0.87,NaN,NaN,0,,"",NaN,12.5,37.5,0.87,NaN,NaN,0,,"",NaN,12.5,37.5,0.81,NaN,NaN,0,,"",NaN,12.5,37.5,0.81,NaN,NaN,0,,"",NaN,12.5,37.5,0.81,NaN,NaN,0,,"",NaN,NaN,12.5,37.5,0.75,NaN,NaN,0,,"",NaN,12.5,37.5,0.75,NaN,NaN,0,,""
13,39,0.84,NaN,NaN,0,,"",NaN,13,39,0.84,"",NaN,0,,"",NaN,13,39,0.84,150.1875,153.75,3.5625,0.889756521,"0.03554160292",NaN,13,39,0.84,150.125,153.875,3.75,0.9128709292,"0.0279049306",NaN,13,39,0.84,150.1875,153.75,3.5625,0.8991721961,"0.02996669818",NaN,13,39,0.78,150.1875,153.78125,3.59375,0.8936504412,"0.02769742932",NaN,13,39,0.78,150.15625,153.8125,3.65625,0.9013878189,"0.02638130952",NaN,13,39,0.78,150.09375,153.875,3.78125,0.9166666667,"0.02245096343",NaN,NaN,13,39,0.72,150.1875,153.75,3.5625,0.8991721961,"0.02551418432",NaN,13,39,0.72,150.125,153.875,3.75,0.9128709292,"0.02223654424"
13.5,40.5,0.81,NaN,NaN,0,,"",NaN,13.5,40.5,0.81,"",NaN,0,,"",NaN,13.5,40.5,0.81,NaN,NaN,0,,"",NaN,13.5,40.5,0.81,NaN,NaN,0,,"",NaN,13.5,40.5,0.81,NaN,NaN,0,,"",NaN,13.5,40.5,0.75,NaN,NaN,0,,"",NaN,13.5,40.5,0.75,NaN,NaN,0,,"",NaN,13.5,40.5,0.75,NaN,NaN,0,,"",NaN,NaN,13.5,40.5,0.69,NaN,NaN,0,,"",NaN,13.5,40.5,0.69,NaN,NaN,0,,""
14,42,0.78,NaN,NaN,0,,"",NaN,14,42,0.78,"",NaN,0,,"",NaN,14,42,0.78,150.40625,153.5625,3.15625,0.8374896351,"0.04350502487",NaN,14,42,0.78,150.25,153.75,3.5,0.8819171037,"0.03224135867",NaN,14,42,0.78,150.28125,153.6875,3.40625,0.8792324183,"0.0312564968",NaN,14,42,0.72,150.1875,153.71875,3.53125,0.8858454844,"0.02742364373",NaN,14,42,0.72,150.1875,153.75,3.5625,0.889756521,"0.02664114267",NaN,14,42,0.72,150.125,153.84375,3.71875,0.9090593429,"0.02189231166",NaN,NaN,14,42,0.66,150.25,153.65625,3.40625,0.8792324183,"0.02658569186",NaN,14,42,0.66,150.15625,153.78125,3.625,0.8975274679,"0.02253565721"
14.5,43.5,0.75,NaN,NaN,0,,"",NaN,14.5,43.5,0.75,"",NaN,0,,"",NaN,14.5,43.5,0.75,NaN,NaN,0,,"",NaN,14.5,43.5,0.75,NaN,NaN,0,,"",NaN,14.5,43.5,0.75,NaN,NaN,0,,"",NaN,14.5,43.5,0.69,NaN,NaN,0,,"",NaN,14.5,43.5,0.69,NaN,NaN,0,,"",NaN,14.5,43.5,0.69,NaN,NaN,0,,"",NaN,NaN,14.5,43.5,0.63,NaN,NaN,0,,"",NaN,14.5,43.5,0.63,NaN,NaN,0,,""
15,45,0.72,NaN,NaN,0,,"",NaN,15,45,0.72,"",NaN,0,,"",NaN,15,45,0.72,150.625,153.34375,2.71875,0.7772815878,"0.04926015121",NaN,15,45,0.72,150.34375,153.625,3.28125,0.8539125638,"0.03523375801",NaN,15,45,0.72,150.3125,153.625,3.3125,0.8670484702,"0.03218249983",NaN,15,45,0.66,150.25,153.6875,3.4375,0.8740073735,"0.02715257572",NaN,15,45,0.66,150.25,153.71875,3.46875,0.8779711461,"0.02578280847",NaN,15,45,0.66,150.125,153.8125,3.6875,0.9052317076,"0.02142123698",NaN,NaN,15,45,0.6,150.3125,153.59375,3.28125,0.8629489273,"0.02690664021",NaN,15,45,0.6,150.1875,153.75,3.5625,0.889756521,"0.02260395496"
15.5,46.5,0.69,NaN,NaN,0,,"",NaN,15.5,46.5,0.69,"",NaN,0,,"",NaN,15.5,46.5,0.69,NaN,NaN,0,,"",NaN,15.5,46.5,0.69,NaN,NaN,0,,"",NaN,15.5,46.5,0.69,NaN,NaN,0,,"",NaN,15.5,46.5,0.63,NaN,NaN,0,,"",NaN,15.5,46.5,0.63,NaN,NaN,0,,"",NaN,15.5,46.5,0.63,NaN,NaN,0,,"",NaN,NaN,15.5,46.5,0.57,NaN,NaN,0,,"",NaN,15.5,46.5,0.57,NaN,NaN,0,,""
16,48,0.66,NaN,NaN,0,,"",NaN,16,48,0.66,"",NaN,0,,"",NaN,16,48,0.66,150.875,153.125,2.25,0.7071067812,"0.05198942468",NaN,16,48,0.66,150.46875,153.5,3.03125,0.8207381501,"0.0370291034",NaN,16,48,0.66,150.4375,153.5625,3.125,0.8421519211,"0.03285604293",NaN,16,48,0.6,150.3125,153.65625,3.34375,0.8620067027,"0.02644261783",NaN,16,48,0.6,150.25,153.6875,3.4375,0.8740073735,"0.02456185922",NaN,16,48,0.6,150.1875,153.78125,3.59375,0.8936504412,"0.02073302606",NaN,NaN,16,48,0.54,150.40625,153.53125,3.125,0.8421519211,"0.02683735204",NaN,16,48,0.54,150.28125,153.6875,3.40625,0.8700255424,"0.02253571197"
16.5,49.5,0.63,NaN,NaN,0,,"",NaN,16.5,49.5,0.63,"",NaN,0,,"",NaN,16.5,49.5,0.63,NaN,NaN,0,,"",NaN,16.5,49.5,0.63,NaN,NaN,0,,"",NaN,16.5,49.5,0.63,NaN,NaN,0,,"",NaN,16.5,49.5,0.57,NaN,NaN,0,,"",NaN,16.5,49.5,0.57,NaN,NaN,0,,"",NaN,16.5,49.5,0.57,NaN,NaN,0,,"",NaN,NaN,16.5,49.5,0.51,NaN,NaN,0,,"",NaN,16.5,49.5,0.51,NaN,NaN,0,,""
17,51,0.6,NaN,NaN,0,,"",NaN,17,51,0.6,"",NaN,0,,"",NaN,17,51,0.6,151.0625,152.875,1.8125,0.6346477588,"0.05123815181",NaN,17,51,0.6,150.5625,153.375,2.8125,0.790569415,"0.03709092368",NaN,17,51,0.6,150.5,153.5,3,0.825136997,"0.03184782778",NaN,17,51,0.54,150.34375,153.59375,3.25,0.8498365856,"0.02530366543",NaN,17,51,0.54,150.3125,153.65625,3.34375,0.8620067027,"0.0231332102",NaN,17,51,0.54,150.1875,153.75,3.5625,0.889756521,"0.01913374826",NaN,NaN,17,51,0.48,150.46875,153.4375,2.96875,0.8208281582,"0.02559986102",NaN,17,51,0.48,150.3125,153.625,3.3125,0.8579691784,"0.02135398528"
17.5,52.5,0.57,NaN,NaN,0,,"",NaN,17.5,52.5,0.57,"",NaN,0,,"",NaN,17.5,52.5,0.57,NaN,NaN,0,,"",NaN,17.5,52.5,0.57,NaN,NaN,0,,"",NaN,17.5,52.5,0.57,NaN,NaN,0,,"",NaN,17.5,52.5,0.51,NaN,NaN,0,,"",NaN,17.5,52.5,0.51,NaN,NaN,0,,"",NaN,17.5,52.5,0.51,NaN,NaN,0,,"",NaN,NaN,17.5,52.5,0.45,NaN,NaN,0,,"",NaN,17.5,52.5,0.45,NaN,NaN,0,,""
18,54,0.54,NaN,NaN,0,,"",NaN,18,54,0.54,"",NaN,0,,"",NaN,18,54,0.54,151.25,152.6875,1.4375,0.5651941653,"0.04761578625",NaN,18,54,0.54,150.6875,153.3125,2.625,0.7637626158,"0.03574370715",NaN,18,54,0.54,150.53125,153.4375,2.90625,0.8121419014,"0.03006361988",NaN,18,54,0.48,150.40625,153.5625,3.15625,0.8374896351,"0.02352876236",NaN,18,54,0.48,150.3125,153.625,3.3125,0.8579691784,"0.02090135819",NaN,18,54,0.48,150.21875,153.75,3.53125,0.8858454844,"0.01763131802",NaN,NaN,18,54,0.42,150.5,153.375,2.875,0.8077637461,"0.02337318726",NaN,18,54,0.42,150.34375,153.5625,3.21875,0.8457409638,"0.01937351444"
18.5,55.5,0.51,NaN,NaN,0,,"",NaN,18.5,55.5,0.51,"",NaN,0,,"",NaN,18.5,55.5,0.51,NaN,NaN,0,,"",NaN,18.5,55.5,0.51,NaN,NaN,0,,"",NaN,18.5,55.5,0.51,NaN,NaN,0,,"",NaN,18.5,55.5,0.45,NaN,NaN,0,,"",NaN,18.5,55.5,0.45,NaN,NaN,0,,"",NaN,18.5,55.5,0.45,NaN,NaN,0,,"",NaN,NaN,18.5,55.5,0.39,NaN,NaN,0,,"",NaN,18.5,55.5,0.39,NaN,NaN,0,,""
19,57,0.48,NaN,NaN,0,,"",NaN,19,57,0.48,"",NaN,0,,"",NaN,19,57,0.48,151.46875,152.53125,1.0625,0.4859126579,"0.04172707806",NaN,19,57,0.48,150.75,153.21875,2.46875,0.7406828681,"0.03377450074",NaN,19,57,0.48,150.59375,153.40625,2.8125,0.7989354619,"0.02766774865",NaN,19,57,0.42,150.40625,153.5,3.09375,0.8291561976,"0.02101356997",NaN,19,57,0.42,150.3125,153.59375,3.28125,0.8539125638,"0.0185356067",NaN,19,57,0.42,150.25,153.71875,3.46875,0.8779711461,"0.0157521015",NaN,NaN,19,57,0.36,150.5625,153.34375,2.78125,0.7944845334,"0.02089605935",NaN,19,57,0.36,150.375,153.5625,3.1875,0.8416254115,"0.01721074818"
19.5,58.5,0.45,NaN,NaN,0,,"",NaN,19.5,58.5,0.45,"",NaN,0,,"",NaN,19.5,58.5,0.45,NaN,NaN,0,,"",NaN,19.5,58.5,0.45,NaN,NaN,0,,"",NaN,19.5,58.5,0.45,NaN,NaN,0,,"",NaN,19.5,58.5,0.39,NaN,NaN,0,,"",NaN,19.5,58.5,0.39,NaN,NaN,0,,"",NaN,19.5,58.5,0.39,NaN,NaN,0,,"",NaN,NaN,19.5,58.5,0.33,NaN,NaN,0,,"",NaN,19.5,58.5,0.33,NaN,NaN,0,,""
20,60,0.42,NaN,NaN,0,,"",NaN,20,60,0.42,"",NaN,0,,"",NaN,20,60,0.42,151.625,152.375,0.75,0.4082482905,"0.03420521131",NaN,20,60,0.42,150.875,153.125,2.25,0.7071067812,"0.03098323856",NaN,20,60,0.42,150.625,153.375,2.75,0.7900085285,"0.02491306233",NaN,20,60,0.36,150.4375,153.5,3.0625,0.8249579114,"0.01827159506",NaN,20,60,0.36,150.34375,153.59375,3.25,0.8498365856,"0.01603722604",NaN,20,60,0.36,150.25,153.71875,3.46875,0.8779711461,"0.01332870127",NaN,NaN,20,60,0.3,150.625,153.28125,2.65625,0.7764257076,"0.01789518633",NaN,20,60,0.3,150.4375,153.5,3.0625,0.8249579114,"0.01469836952"
20.5,61.5,0.39,NaN,NaN,0,,"",NaN,20.5,61.5,0.39,"",NaN,0,,"",NaN,20.5,61.5,0.39,NaN,NaN,0,,"",NaN,20.5,61.5,0.39,NaN,NaN,0,,"",NaN,20.5,61.5,0.39,NaN,NaN,0,,"",NaN,20.5,61.5,0.33,NaN,NaN,0,,"",NaN,20.5,61.5,0.33,NaN,NaN,0,,"",NaN,20.5,61.5,0.33,NaN,NaN,0,,"",NaN,NaN,20.5,61.5,0.27,NaN,NaN,0,,"",NaN,20.5,61.5,0.27,NaN,NaN,0,,""
21,63,0.36,NaN,NaN,0,,"",NaN,21,63,0.36,"",NaN,0,,"",NaN,21,63,0.36,151.75,152.25,0.5,0.3333333333,"0.02605453632",NaN,21,63,0.36,150.90625,153.03125,2.125,0.6871842709,"0.02725036679",NaN,21,63,0.36,150.65625,153.3125,2.65625,0.7764257076,"0.02173769796",NaN,21,63,0.3,150.46875,153.46875,3,0.8164965809,"0.01537210085",NaN,21,63,0.3,150.375,153.59375,3.21875,0.8457409638,"0.01340751092",NaN,21,63,0.3,150.25,153.71875,3.46875,0.8779711461,"0.01090530104",NaN,NaN,21,63,0.24,150.65625,153.25,2.59375,0.767236914,"0.01422153612",NaN,21,63,0.24,150.4375,153.5,3.0625,0.8249579114,"0.01152451151"
21.5,64.5,0.33,NaN,NaN,0,,"",NaN,21.5,64.5,0.33,"",NaN,0,,"",NaN,21.5,64.5,0.33,NaN,NaN,0,,"",NaN,21.5,64.5,0.33,NaN,NaN,0,,"",NaN,21.5,64.5,0.33,NaN,NaN,0,,"",NaN,21.5,64.5,0.27,NaN,NaN,0,,"",NaN,21.5,64.5,0.27,NaN,NaN,0,,"",NaN,21.5,64.5,0.27,NaN,NaN,0,,"",NaN,NaN,21.5,64.5,0.21,NaN,NaN,0,,"",NaN,21.5,64.5,0.21,NaN,NaN,0,,""
22,66,0.3,NaN,NaN,0,,"",NaN,22,66,0.3,"",NaN,0,,"",NaN,22,66,0.3,151.8125,152.125,0.3125,0.2635231383,"0.01725807689",NaN,22,66,0.3,151,152.96875,1.96875,0.6614378278,"0.02286982172",NaN,22,66,0.3,150.6875,153.3125,2.625,0.771844985,"0.0181483266",NaN,22,66,0.24,150.5,153.46875,2.96875,0.8122328621,"0.0120739829",NaN,22,66,0.24,150.375,153.5625,3.1875,0.8416254115,"0.01055248522",NaN,22,66,0.24,150.25,153.71875,3.46875,0.8779711461,"0.008481900809",NaN,NaN,22,66,0.18,150.6875,153.25,2.5625,0.762600999,"0.01040039445",NaN,22,66,0.18,150.46875,153.5,3.03125,0.8207381501,"0.00850173987"
22.5,67.5,0.27,NaN,NaN,0,,"",NaN,22.5,67.5,0.27,"",NaN,0,,"",NaN,22.5,67.5,0.27,NaN,NaN,0,,"",NaN,22.5,67.5,0.27,NaN,NaN,0,,"",NaN,22.5,67.5,0.27,NaN,NaN,0,,"",NaN,22.5,67.5,0.21,NaN,NaN,0,,"",NaN,22.5,67.5,0.21,NaN,NaN,0,,"",NaN,22.5,67.5,0.21,NaN,NaN,0,,"",NaN,NaN,22.5,67.5,0.15,NaN,NaN,0,,"",NaN,22.5,67.5,0.15,NaN,NaN,0,,""
23,69,0.24,NaN,NaN,0,,"",NaN,23,69,0.24,"",NaN,0,,"",NaN,23,69,0.24,151.9375,152.0625,0.125,0.1666666667,"0.006283185307",NaN,23,69,0.24,151,152.9375,1.9375,0.6561673228,"0.01791661021",NaN,23,69,0.24,150.71875,153.28125,2.5625,0.762600999,"0.01449643118",NaN,23,69,0.18,150.5,153.46875,2.96875,0.8122328621,"0.008624273503",NaN,23,69,0.18,150.375,153.5625,3.1875,0.8416254115,"0.007537489446",NaN,23,69,0.18,150.25,153.71875,3.46875,0.8779711461,"0.006058500578",NaN,NaN,23,69,0.12,150.71875,153.1875,2.46875,0.7485210003,"0.006386741544",NaN,23,69,0.12,150.5,153.4375,2.9375,0.8079466429,"0.005264755561"
23.5,70.5,0.21,NaN,NaN,0,,"",NaN,23.5,70.5,0.21,"",NaN,0,,"",NaN,23.5,70.5,0.21,NaN,NaN,0,,"",NaN,23.5,70.5,0.21,NaN,NaN,0,,"",NaN,23.5,70.5,0.21,NaN,NaN,0,,"",NaN,23.5,70.5,0.15,NaN,NaN,0,,"",NaN,23.5,70.5,0.15,NaN,NaN,0,,"",NaN,23.5,70.5,0.15,NaN,NaN,0,,"",NaN,NaN,23.5,70.5,0.09,NaN,NaN,0,,"",NaN,23.5,70.5,0.09,NaN,NaN,0,,""
24,72,0.18,NaN,NaN,0,,"",NaN,24,72,0.18,"",NaN,0,,"",NaN,24,72,0.18,152,152,0,0,"-0.003736077754",NaN,24,72,0.18,151.03125,152.9375,1.90625,0.6508541397,"0.01295494972",NaN,24,72,0.18,150.75,153.25,2.5,0.7532435772,"0.01051057029",NaN,24,72,0.12,150.5,153.46875,2.96875,0.8122328621,"0.005174564102",NaN,24,72,0.12,150.375,153.5625,3.1875,0.8416254115,"0.004522493667",NaN,24,72,0.12,150.25,153.71875,3.46875,0.8779711461,"0.003635100347",NaN,NaN,24,72,0.06,150.71875,153.1875,2.46875,0.7485210003,"0.002128913848",NaN,24,72,0.06,150.5,153.4375,2.9375,0.8079466429,"0.00175491852"
24.5,73.5,0.15,NaN,NaN,0,,"",NaN,24.5,73.5,0.15,"",NaN,0,,"",NaN,24.5,73.5,0.15,NaN,NaN,0,,"",NaN,24.5,73.5,0.15,NaN,NaN,0,,"",NaN,24.5,73.5,0.15,NaN,NaN,0,,"",NaN,24.5,73.5,0.09,NaN,NaN,0,,"",NaN,24.5,73.5,0.09,NaN,NaN,0,,"",NaN,24.5,73.5,0.09,NaN,NaN,0,,"",NaN,NaN,24.5,73.5,0.03,NaN,NaN,0,,"",NaN,24.5,73.5,0.03,NaN,NaN,0,,""
25,75,0.12,NaN,NaN,0,,"",NaN,25,75,0.12,"",NaN,0,,"",NaN,25,75,0.12,152.03125,151.9375,-0.09375,-0.1443375673,"-0.007270369489",NaN,25,75,0.12,151.0625,152.875,1.8125,0.6346477588,"0.007867163114",NaN,25,75,0.12,150.75,153.25,2.5,0.7532435772,"0.006306342171",NaN,25,75,0.06,150.5,153.46875,2.96875,0.8122328621,"0.001724854701",NaN,25,75,0.06,150.375,153.5625,3.1875,0.8416254115,"0.001507497889",NaN,25,75,0.06,150.25,153.71875,3.46875,0.8779711461,"0.001211700116",NaN,NaN,25,75,0,150.71875,153.1875,2.46875,0.7485210003,"0",NaN,25,75,0,150.5,153.4375,2.9375,0.8079466429,"0"
25.5,76.5,0.09,NaN,NaN,0,,"",NaN,25.5,76.5,0.09,"",NaN,0,,"",NaN,25.5,76.5,0.09,NaN,NaN,0,,"",NaN,25.5,76.5,0.09,NaN,NaN,0,,"",NaN,25.5,76.5,0.09,NaN,NaN,0,,"",NaN,25.5,76.5,0.03,NaN,NaN,0,,"",NaN,25.5,76.5,0.03,NaN,NaN,0,,"",NaN,25.5,76.5,0.03,NaN,NaN,0,,"",NaN,NaN,25.5,76.5,-0.03,NaN,NaN,0,,"",NaN,25.5,76.5,-0.03,NaN,NaN,0,,""
26,78,0.06,151.4375,152.53125,1.09375,0.4930066486,"0.002826880263",NaN,26,78,0.06,"",NaN,0,,"",NaN,26,78,0.06,152.0625,151.78125,-0.28125,-0.25,"-0.003534291735",NaN,26,78,0.06,151.0625,152.875,1.8125,0.6346477588,"0.002622387705",NaN,26,78,0.06,150.75,153.25,2.5,0.7532435772,"0.002102114057",NaN,26,78,0,150.5,153.46875,2.96875,0.8122328621,"0",NaN,26,78,0,150.375,153.5625,3.1875,0.8416254115,"0",NaN,26,78,0,150.25,153.71875,3.46875,0.8779711461,"0",NaN,NaN,26,78,-0.06,150.71875,153.1875,2.46875,0.7485210003,"0.002128913848",NaN,26,78,-0.06,150.5,153.4375,2.9375,0.8079466429,"0.00175491852"
26.5,79.5,0.03,NaN,NaN,0,,"",NaN,26.5,79.5,0.03,"",NaN,0,,"",NaN,26.5,79.5,0.03,NaN,NaN,0,,"",NaN,26.5,79.5,0.03,NaN,NaN,0,,"",NaN,26.5,79.5,0.03,NaN,NaN,0,,"",NaN,26.5,79.5,-0.03,NaN,NaN,0,,"",NaN,26.5,79.5,-0.03,NaN,NaN,0,,"",NaN,26.5,79.5,-0.03,NaN,NaN,0,,"",NaN,NaN,26.5,79.5,-0.09,NaN,NaN,0,,"",NaN,26.5,79.5,-0.09,NaN,NaN,0,,""
27,81,0,151.4375,152.5,1.0625,0.4859126579,"0",NaN,27,81,0,"",NaN,0,,"0",NaN,27,81,0,152.0625,151.78125,-0.28125,-0.25,"0",NaN,27,81,0,151.09375,152.875,1.78125,0.6291528696,"0",NaN,27,81,0,150.75,153.25,2.5,0.7532435772,"0",NaN,27,81,-0.06,150.5,153.46875,2.96875,0.8122328621,"0.001724854701",NaN,27,81,-0.06,150.375,153.5625,3.1875,0.8416254115,"0.001507497889",NaN,27,81,-0.06,150.25,153.71875,3.46875,0.8779711461,"0.001211700116",NaN,NaN,27,81,-0.12,150.71875,153.1875,2.46875,0.7485210003,"0.006386741544",NaN,27,81,-0.12,150.5,153.4375,2.9375,0.8079466429,"0.005264755561"
27.5,82.5,-0.03,NaN,NaN,0,,"",NaN,27.5,82.5,-0.03,"",NaN,0,,"",NaN,27.5,82.5,-0.03,NaN,NaN,0,,"",NaN,27.5,82.5,-0.03,NaN,NaN,0,,"",NaN,27.5,82.5,-0.03,NaN,NaN,0,,"",NaN,27.5,82.5,-0.09,NaN,NaN,0,,"",NaN,27.5,82.5,-0.09,NaN,NaN,0,,"",NaN,27.5,82.5,-0.09,NaN,NaN,0,,"",NaN,NaN,27.5,82.5,-0.15,NaN,NaN,0,,"",NaN,27.5,82.5,-0.15,NaN,NaN,0,,""
28,84,-0.06,151.4375,152.53125,1.09375,0.4930066486,"0.002826880263",NaN,28,84,-0.06,"",NaN,0,,"",NaN,28,84,-0.06,152.03125,151.9375,-0.09375,-0.1443375673,"-0.001868038877",NaN,28,84,-0.06,151.09375,152.875,1.78125,0.6291528696,"0.002638781788",NaN,28,84,-0.06,150.75,153.25,2.5,0.7532435772,"0.002102114057",NaN,28,84,-0.12,150.5,153.46875,2.96875,0.8122328621,"0.005174564102",NaN,28,84,-0.12,150.375,153.5625,3.1875,0.8416254115,"0.004522493667",NaN,28,84,-0.12,150.25,153.71875,3.46875,0.8779711461,"0.003635100347",NaN,NaN,28,84,-0.18,150.71875,153.1875,2.46875,0.7485210003,"0.01064456924",NaN,28,84,-0.18,150.5,153.4375,2.9375,0.8079466429,"0.008774592601"
28.5,85.5,-0.09,NaN,NaN,0,,"",NaN,28.5,85.5,-0.09,"",NaN,0,,"",NaN,28.5,85.5,-0.09,NaN,NaN,0,,"",NaN,28.5,85.5,-0.09,NaN,NaN,0,,"",NaN,28.5,85.5,-0.09,NaN,NaN,0,,"",NaN,28.5,85.5,-0.15,NaN,NaN,0,,"",NaN,28.5,85.5,-0.15,NaN,NaN,0,,"",NaN,28.5,85.5,-0.15,NaN,NaN,0,,"",NaN,NaN,28.5,85.5,-0.21,NaN,NaN,0,,"",NaN,28.5,85.5,-0.21,NaN,NaN,0,,""
29,87,-0.12,151.4375,152.5,1.0625,0.4859126579,"0.008477258134",NaN,29,87,-0.12,"",NaN,0,,"",NaN,29,87,-0.12,152.03125,151.9375,-0.09375,-0.1443375673,"-0.00560411663",NaN,29,87,-0.12,151.0625,152.875,1.8125,0.6346477588,"0.007883557197",NaN,29,87,-0.12,150.75,153.25,2.5,0.7532435772,"0.006306342171",NaN,29,87,-0.18,150.5,153.46875,2.96875,0.8122328621,"0.008624273503",NaN,29,87,-0.18,150.375,153.5625,3.1875,0.8416254115,"0.007537489446",NaN,29,87,-0.18,150.25,153.71875,3.46875,0.8779711461,"0.006058500578",NaN,NaN,29,87,-0.24,150.71875,153.1875,2.46875,0.7485210003,"0.01490239694",NaN,29,87,-0.24,150.5,153.4375,2.9375,0.8079466429,"0.01228442964"
29.5,88.5,-0.15,NaN,NaN,0,,"",NaN,29.5,88.5,-0.15,"",NaN,0,,"",NaN,29.5,88.5,-0.15,NaN,NaN,0,,"",NaN,29.5,88.5,-0.15,NaN,NaN,0,,"",NaN,29.5,88.5,-0.15,NaN,NaN,0,,"",NaN,29.5,88.5,-0.21,NaN,NaN,0,,"",NaN,29.5,88.5,-0.21,NaN,NaN,0,,"",NaN,29.5,88.5,-0.21,NaN,NaN,0,,"",NaN,NaN,29.5,88.5,-0.27,NaN,NaN,0,,"",NaN,29.5,88.5,-0.27,NaN,NaN,0,,""
30,90,-0.18,151.375,152.5625,1.1875,0.5137011669,"0.01412630878",NaN,30,90,-0.18,"",NaN,0,,"",NaN,30,90,-0.18,152,151.9375,-0.0625,-0.1178511302,"-0.008205911296",NaN,30,90,-0.18,151.0625,152.875,1.8125,0.6346477588,"0.01311193852",NaN,30,90,-0.18,150.75,153.25,2.5,0.7532435772,"0.01051057029",NaN,30,90,-0.24,150.5,153.46875,2.96875,0.8122328621,"0.0120739829",NaN,30,90,-0.24,150.375,153.59375,3.21875,0.8457409638,"0.01042450915",NaN,30,90,-0.24,150.25,153.71875,3.46875,0.8779711461,"0.008481900809",NaN,NaN,30,90,-0.3,150.71875,153.1875,2.46875,0.7485210003,"0.01916022463",NaN,30,90,-0.3,150.5,153.4375,2.9375,0.8079466429,"0.01579426668"
30.5,91.5,-0.21,NaN,NaN,0,,"",NaN,30.5,91.5,-0.21,"",NaN,0,,"",NaN,30.5,91.5,-0.21,NaN,NaN,0,,"",NaN,30.5,91.5,-0.21,NaN,NaN,0,,"",NaN,30.5,91.5,-0.21,NaN,NaN,0,,"",NaN,30.5,91.5,-0.27,NaN,NaN,0,,"",NaN,30.5,91.5,-0.27,NaN,NaN,0,,"",NaN,30.5,91.5,-0.27,NaN,NaN,0,,"",NaN,NaN,30.5,91.5,-0.33,NaN,NaN,0,,"",NaN,30.5,91.5,-0.33,NaN,NaN,0,,""
31,93,-0.24,151.375,152.5625,1.1875,0.5137011669,"0.01977717212",NaN,31,93,-0.24,"",NaN,0,,"",NaN,31,93,-0.24,152,152,0,0,"-0.004469833542",NaN,31,93,-0.24,151.0625,152.90625,1.84375,0.640095479,"0.01828900372",NaN,31,93,-0.24,150.75,153.28125,2.53125,0.757936729,"0.01460626808",NaN,31,93,-0.3,150.46875,153.46875,3,0.8164965809,"0.01537210085",NaN,31,93,-0.3,150.375,153.59375,3.21875,0.8457409638,"0.01327953485",NaN,31,93,-0.3,150.25,153.71875,3.46875,0.8779711461,"0.01090530104",NaN,NaN,31,93,-0.36,150.6875,153.1875,2.5,0.7532435772,"0.02325725358",NaN,31,93,-0.36,150.5,153.4375,2.9375,0.8079466429,"0.01930410372"
31.5,94.5,-0.27,NaN,NaN,0,,"",NaN,31.5,94.5,-0.27,"",NaN,0,,"",NaN,31.5,94.5,-0.27,NaN,NaN,0,,"",NaN,31.5,94.5,-0.27,NaN,NaN,0,,"",NaN,31.5,94.5,-0.27,NaN,NaN,0,,"",NaN,31.5,94.5,-0.33,NaN,NaN,0,,"",NaN,31.5,94.5,-0.33,NaN,NaN,0,,"",NaN,31.5,94.5,-0.33,NaN,NaN,0,,"",NaN,NaN,31.5,94.5,-0.39,NaN,NaN,0,,"",NaN,31.5,94.5,-0.39,NaN,NaN,0,,""
32,96,-0.3,151.3125,152.65625,1.34375,0.5464532104,"0.02531638174",NaN,32,96,-0.3,"",NaN,0,,"",NaN,32,96,-0.3,151.875,152.0625,0.1875,0.2041241452,"0.009186753981",NaN,32,96,-0.3,151,152.9375,1.9375,0.6561673228,"0.02317988548",NaN,32,96,-0.3,150.6875,153.28125,2.59375,0.767236914,"0.01839863761",NaN,32,96,-0.36,150.46875,153.5,3.03125,0.8207381501,"0.0184564877",NaN,32,96,-0.36,150.34375,153.5625,3.21875,0.8457409638,"0.01623054259",NaN,32,96,-0.36,150.25,153.71875,3.46875,0.8779711461,"0.01332870127",NaN,NaN,32,96,-0.42,150.6875,153.21875,2.53125,0.757936729,"0.02713755468",NaN,32,96,-0.42,150.5,153.46875,2.96875,0.8122328621,"0.02260349403"
32.5,97.5,-0.33,NaN,NaN,0,,"",NaN,32.5,97.5,-0.33,"",NaN,0,,"",NaN,32.5,97.5,-0.33,NaN,NaN,0,,"",NaN,32.5,97.5,-0.33,NaN,NaN,0,,"",NaN,32.5,97.5,-0.33,NaN,NaN,0,,"",NaN,32.5,97.5,-0.39,NaN,NaN,0,,"",NaN,32.5,97.5,-0.39,NaN,NaN,0,,"",NaN,32.5,97.5,-0.39,NaN,NaN,0,,"",NaN,NaN,32.5,97.5,-0.45,NaN,NaN,0,,"",NaN,32.5,97.5,-0.45,NaN,NaN,0,,""
33,99,-0.36,151.25,152.6875,1.4375,0.5651941653,"0.03069132371",NaN,33,99,-0.36,"",NaN,0,,"",NaN,33,99,-0.36,151.8125,152.15625,0.34375,0.2763853992,"0.02275819744",NaN,33,99,-0.36,150.9375,153,2.0625,0.6770032004,"0.02759663247",NaN,33,99,-0.36,150.6875,153.3125,2.625,0.771844985,"0.02204859681",NaN,33,99,-0.42,150.46875,153.5,3.03125,0.8207381501,"0.02163157893",NaN,33,99,-0.42,150.34375,153.59375,3.25,0.8498365856,"0.01895601436",NaN,33,99,-0.42,150.25,153.71875,3.46875,0.8779711461,"0.0157521015",NaN,NaN,33,99,-0.48,150.65625,153.25,2.59375,0.767236914,"0.03068280906",NaN,33,99,-0.48,150.46875,153.46875,3,0.8164965809,"0.02563027417"
33.5,100.5,-0.39,NaN,NaN,0,,"",NaN,33.5,100.5,-0.39,"",NaN,0,,"",NaN,33.5,100.5,-0.39,NaN,NaN,0,,"",NaN,33.5,100.5,-0.39,NaN,NaN,0,,"",NaN,33.5,100.5,-0.39,NaN,NaN,0,,"",NaN,33.5,100.5,-0.45,NaN,NaN,0,,"",NaN,33.5,100.5,-0.45,NaN,NaN,0,,"",NaN,33.5,100.5,-0.45,NaN,NaN,0,,"",NaN,NaN,33.5,100.5,-0.51,NaN,NaN,0,,"",NaN,33.5,100.5,-0.51,NaN,NaN,0,,""
34,102,-0.42,NaN,NaN,0,,"",NaN,34,102,-0.42,"",NaN,0,,"",NaN,34,102,-0.42,151.75,152.25,0.5,0.3333333333,"0.03116436232",NaN,34,102,-0.42,150.90625,153.03125,2.125,0.6871842709,"0.03185673206",NaN,34,102,-0.42,150.625,153.3125,2.6875,0.7809795631,"0.02549163298",NaN,34,102,-0.48,150.4375,153.5,3.0625,0.8249579114,"0.02471299062",NaN,34,102,-0.48,150.3125,153.625,3.3125,0.8579691784,"0.02112844931",NaN,34,102,-0.48,150.25,153.71875,3.46875,0.8779711461,"0.01817550173",NaN,NaN,34,102,-0.54,150.625,153.28125,2.65625,0.7764257076,"0.03382712927",NaN,34,102,-0.54,150.46875,153.46875,3,0.8164965809,"0.02880711895"
34.5,103.5,-0.45,NaN,NaN,0,,"",NaN,34.5,103.5,-0.45,"",NaN,0,,"",NaN,34.5,103.5,-0.45,NaN,NaN,0,,"",NaN,34.5,103.5,-0.45,NaN,NaN,0,,"",NaN,34.5,103.5,-0.45,NaN,NaN,0,,"",NaN,34.5,103.5,-0.51,NaN,NaN,0,,"",NaN,34.5,103.5,-0.51,NaN,NaN,0,,"",NaN,34.5,103.5,-0.51,NaN,NaN,0,,"",NaN,NaN,34.5,103.5,-0.57,NaN,NaN,0,,"",NaN,34.5,103.5,-0.57,NaN,NaN,0,,""
35,105,-0.48,NaN,NaN,0,,"",NaN,35,105,-0.48,"",NaN,0,,"",NaN,35,105,-0.48,151.5625,152.40625,0.84375,0.4330127019,"0.0398063848",NaN,35,105,-0.48,150.8125,153.125,2.3125,0.7168604389,"0.03538257766",NaN,35,105,-0.48,150.625,153.375,2.75,0.7900085285,"0.02855157869",NaN,35,105,-0.54,150.375,153.5625,3.1875,0.8416254115,"0.02663269835",NaN,35,105,-0.54,150.3125,153.65625,3.34375,0.8620067027,"0.0231332102",NaN,35,105,-0.54,150.1875,153.75,3.5625,0.889756521,"0.01967793198",NaN,NaN,35,105,-0.6,150.5625,153.3125,2.75,0.7900085285,"0.03643147906",NaN,35,105,-0.6,150.4375,153.5,3.0625,0.8249579114,"0.03158234937"
35.5,106.5,-0.51,NaN,NaN,0,,"",NaN,35.5,106.5,-0.51,"",NaN,0,,"",NaN,35.5,106.5,-0.51,NaN,NaN,0,,"",NaN,35.5,106.5,-0.51,NaN,NaN,0,,"",NaN,35.5,106.5,-0.51,NaN,NaN,0,,"",NaN,35.5,106.5,-0.57,NaN,NaN,0,,"",NaN,35.5,106.5,-0.57,NaN,NaN,0,,"",NaN,35.5,106.5,-0.57,NaN,NaN,0,,"",NaN,NaN,35.5,106.5,-0.63,NaN,NaN,0,,"",NaN,35.5,106.5,-0.63,NaN,NaN,0,,""
36,108,-0.54,NaN,NaN,0,,"",NaN,36,108,-0.54,"",NaN,0,,"",NaN,36,108,-0.54,151.375,152.5625,1.1875,0.5137011669,"0.04764125866",NaN,36,108,-0.54,150.71875,153.21875,2.5,0.7453559925,"0.03768376453",NaN,36,108,-0.54,150.53125,153.4375,2.90625,0.8121419014,"0.03053930399",NaN,36,108,-0.6,150.375,153.5625,3.1875,0.8416254115,"0.02864245989",NaN,36,108,-0.6,150.28125,153.65625,3.375,0.8660254038,"0.02522991605",NaN,36,108,-0.6,150.1875,153.75,3.5625,0.889756521,"0.02107803222",NaN,NaN,36,108,-0.66,150.5,153.375,2.875,0.8077637461,"0.0380804019",NaN,36,108,-0.66,150.40625,153.53125,3.125,0.8333333333,"0.03361028128"
36.5,109.5,-0.57,NaN,NaN,0,,"",NaN,36.5,109.5,-0.57,"",NaN,0,,"",NaN,36.5,109.5,-0.57,NaN,NaN,0,,"",NaN,36.5,109.5,-0.57,NaN,NaN,0,,"",NaN,36.5,109.5,-0.57,NaN,NaN,0,,"",NaN,36.5,109.5,-0.63,NaN,NaN,0,,"",NaN,36.5,109.5,-0.63,NaN,NaN,0,,"",NaN,36.5,109.5,-0.63,NaN,NaN,0,,"",NaN,NaN,36.5,109.5,-0.69,NaN,NaN,0,,"",NaN,36.5,109.5,-0.69,NaN,NaN,0,,""
37,111,-0.6,NaN,NaN,0,,"",NaN,37,111,-0.6,"",NaN,0,,"",NaN,37,111,-0.6,151.1875,152.75,1.5625,0.589255651,"0.05280112863",NaN,37,111,-0.6,150.625,153.34375,2.71875,0.7772815878,"0.03889816765",NaN,37,111,-0.6,150.4375,153.53125,3.09375,0.8379305816,"0.03088842182",NaN,37,111,-0.66,150.3125,153.625,3.3125,0.8579691784,"0.03023498389",NaN,37,111,-0.66,150.25,153.6875,3.4375,0.8740073735,"0.02682168194",NaN,37,111,-0.66,150.1875,153.78125,3.59375,0.8936504412,"0.02291726568",NaN,NaN,37,111,-0.72,150.5,153.4375,2.9375,0.8164965809,"0.03965255029",NaN,37,111,-0.72,150.375,153.5625,3.1875,0.8416254115,"0.03536873426"
37.5,112.5,-0.63,NaN,NaN,0,,"",NaN,37.5,112.5,-0.63,"",NaN,0,,"",NaN,37.5,112.5,-0.63,NaN,NaN,0,,"",NaN,37.5,112.5,-0.63,NaN,NaN,0,,"",NaN,37.5,112.5,-0.63,NaN,NaN,0,,"",NaN,37.5,112.5,-0.69,NaN,NaN,0,,"",NaN,37.5,112.5,-0.69,NaN,NaN,0,,"",NaN,37.5,112.5,-0.69,NaN,NaN,0,,"",NaN,NaN,37.5,112.5,-0.75,NaN,NaN,0,,"",NaN,37.5,112.5,-0.75,NaN,NaN,0,,""
38,114,-0.66,NaN,NaN,0,,"",NaN,38,114,-0.66,"",NaN,0,,"",NaN,38,114,-0.66,150.9375,153,2.0625,0.6770032004,"0.05457741316",NaN,38,114,-0.66,150.5,153.4375,2.9375,0.8079466429,"0.03888294004",NaN,38,114,-0.66,150.375,153.5625,3.1875,0.8505317486,"0.03117450747",NaN,38,114,-0.72,150.28125,153.6875,3.40625,0.8700255424,"0.03050701005",NaN,38,114,-0.72,150.25,153.71875,3.46875,0.8779711461,"0.02823991931",NaN,38,114,-0.72,150.125,153.78125,3.65625,0.9013878189,"0.02388713508",NaN,NaN,38,114,-0.78,150.375,153.53125,3.15625,0.8463522061,"0.03945378963",NaN,38,114,-0.78,150.3125,153.59375,3.28125,0.8539125638,"0.03643093183"
38.5,115.5,-0.69,NaN,NaN,0,,"",NaN,38.5,115.5,-0.69,"",NaN,0,,"",NaN,38.5,115.5,-0.69,NaN,NaN,0,,"",NaN,38.5,115.5,-0.69,NaN,NaN,0,,"",NaN,38.5,115.5,-0.69,NaN,NaN,0,,"",NaN,38.5,115.5,-0.75,NaN,NaN,0,,"",NaN,38.5,115.5,-0.75,NaN,NaN,0,,"",NaN,38.5,115.5,-0.75,NaN,NaN,0,,"",NaN,NaN,38.5,115.5,-0.81,NaN,NaN,0,,"",NaN,38.5,115.5,-0.81,NaN,NaN,0,,""
39,117,-0.72,NaN,NaN,0,,"",NaN,39,117,-0.72,"",NaN,0,,"",NaN,39,117,-0.72,150.6875,153.25,2.5625,0.7546154282,"0.05233489111",NaN,39,117,-0.72,150.375,153.59375,3.21875,0.8457409638,"0.03701015019",NaN,39,117,-0.72,150.3125,153.65625,3.34375,0.8711287208,"0.03105159839",NaN,39,117,-0.78,150.21875,153.71875,3.5,0.8819171037,"0.03065824942",NaN,39,117,-0.78,150.1875,153.75,3.5625,0.889756521,"0.0289622129",NaN,39,117,-0.78,150.125,153.8125,3.6875,0.9052317076,"0.02467657472",NaN,NaN,39,117,-0.84,150.3125,153.59375,3.28125,0.8629489273,"0.03784547874",NaN,39,117,-0.84,150.28125,153.6875,3.40625,0.8700255424,"0.03624579639"
39.5,118.5,-0.75,NaN,NaN,0,,"",NaN,39.5,118.5,-0.75,"",NaN,0,,"",NaN,39.5,118.5,-0.75,NaN,NaN,0,,"",NaN,39.5,118.5,-0.75,NaN,NaN,0,,"",NaN,39.5,118.5,-0.75,NaN,NaN,0,,"",NaN,39.5,118.5,-0.81,NaN,NaN,0,,"",NaN,39.5,118.5,-0.81,NaN,NaN,0,,"",NaN,39.5,118.5,-0.81,NaN,NaN,0,,"",NaN,NaN,39.5,118.5,-0.87,NaN,NaN,0,,"",NaN,39.5,118.5,-0.87,NaN,NaN,0,,""
40,120,-0.78,NaN,NaN,0,,"",NaN,40,120,-0.78,"",NaN,0,,"",NaN,40,120,-0.78,150.4375,153.5,3.0625,0.8249579114,"0.04636179205",NaN,40,120,-0.78,150.25,153.71875,3.46875,0.8779711461,"0.03345814796",NaN,40,120,-0.78,150.25,153.75,3.5,0.8912498197,"0.02948637759",NaN,40,120,-0.84,150.15625,153.78125,3.625,0.8975274679,"0.02987373388",NaN,40,120,-0.84,150.15625,153.78125,3.625,0.8975274679,"0.02898430103",NaN,40,120,-0.84,150.09375,153.875,3.78125,0.9166666667,"0.02470813587",NaN,NaN,40,120,-0.9,150.25,153.6875,3.4375,0.8832563863,"0.03621909601",NaN,40,120,-0.9,150.25,153.6875,3.4375,0.8740073735,"0.03658600003"
40.5,121.5,-0.81,NaN,NaN,0,,"",NaN,40.5,121.5,-0.81,"",NaN,0,,"",NaN,40.5,121.5,-0.81,NaN,NaN,0,,"",NaN,40.5,121.5,-0.81,NaN,NaN,0,,"",NaN,40.5,121.5,-0.81,NaN,NaN,0,,"",NaN,40.5,121.5,-0.87,NaN,NaN,0,,"",NaN,40.5,121.5,-0.87,NaN,NaN,0,,"",NaN,40.5,121.5,-0.87,NaN,NaN,0,,"",NaN,NaN,40.5,121.5,-0.93,NaN,NaN,0,,"",NaN,40.5,121.5,-0.93,NaN,NaN,0,,""
41,123,-0.84,NaN,NaN,0,,"",NaN,41,123,-0.84,"",NaN,0,,"",NaN,41,123,-0.84,150.1875,153.75,3.5625,0.889756521,"0.03676215983",NaN,41,123,-0.84,150.15625,153.8125,3.65625,0.9013878189,"0.02982626717",NaN,41,123,-0.84,150.125,153.8125,3.6875,0.9148111459,"0.0265897548",NaN,41,123,-0.9,150.125,153.84375,3.71875,0.9090593429,"0.02858720163",NaN,41,123,-0.9,150.09375,153.84375,3.75,0.9128709292,"0.02805572476",NaN,41,123,-0.9,150.0625,153.875,3.8125,0.9204467514,"0.02451738044",NaN,NaN,41,123,-0.96,150.1875,153.75,3.5625,0.8991721961,"0.03389869899",NaN,41,123,-0.96,150.1875,153.75,3.5625,0.889756521,"0.03643108267"
41.5,124.5,-0.87,NaN,NaN,0,,"",NaN,41.5,124.5,-0.87,"",NaN,0,,"",NaN,41.5,124.5,-0.87,NaN,NaN,0,,"",NaN,41.5,124.5,-0.87,NaN,NaN,0,,"",NaN,41.5,124.5,-0.87,NaN,NaN,0,,"",NaN,41.5,124.5,-0.93,NaN,NaN,0,,"",NaN,41.5,124.5,-0.93,NaN,NaN,0,,"",NaN,41.5,124.5,-0.93,NaN,NaN,0,,"",NaN,NaN,41.5,124.5,-0.99,NaN,NaN,0,,"",NaN,41.5,124.5,-0.99,NaN,NaN,0,,""
42,126,-0.9,NaN,NaN,0,,"",NaN,42,126,-0.9,"",NaN,0,,"",NaN,42,126,-0.9,150.03125,153.9375,3.90625,0.9316949906,"0.02632735745",NaN,42,126,-0.9,150.03125,153.9375,3.90625,0.9316949906,"0.02487034148",NaN,42,126,-0.9,150.0625,153.90625,3.84375,0.9339916625,"0.02279830271",NaN,42,126,-0.96,150.0625,153.90625,3.84375,0.9242113755,"0.02669970402",NaN,42,126,-0.96,150.0625,153.875,3.8125,0.9204467514,"0.02674363388",NaN,42,126,-0.96,150,153.9375,3.9375,0.9354143467,"0.02335457135",NaN,NaN,42,126,-1.02,150.09375,153.8125,3.71875,0.9186792864,"0.03076943146",NaN,42,126,-1.02,150.125,153.8125,3.6875,0.9052317076,"0.03424385037"
42.5,127.5,-0.93,NaN,NaN,0,,"",NaN,42.5,127.5,-0.93,"",NaN,0,,"",NaN,42.5,127.5,-0.93,NaN,NaN,0,,"",NaN,42.5,127.5,-0.93,NaN,NaN,0,,"",NaN,42.5,127.5,-0.93,NaN,NaN,0,,"",NaN,42.5,127.5,-0.99,NaN,NaN,0,,"",NaN,42.5,127.5,-0.99,NaN,NaN,0,,"",NaN,42.5,127.5,-0.99,NaN,NaN,0,,"",NaN,NaN,42.5,127.5,-1.05,NaN,NaN,0,,"",NaN,42.5,127.5,-1.05,NaN,NaN,0,,""
43,129,-0.96,NaN,NaN,0,,"",NaN,43,129,-0.96,"",NaN,0,,"",NaN,43,129,-0.96,149.9375,154.0625,4.125,0.9574271078,"0.01817201146",NaN,43,129,-0.96,149.9375,154,4.0625,0.9501461876,"0.01936776131",NaN,43,129,-0.96,150,153.96875,3.96875,0.9490570161,"0.01920769704",NaN,43,129,-1.02,150,153.9375,3.9375,0.9354143467,"0.02429058469",NaN,43,129,-1.02,150,153.9375,3.9375,0.9354143467,"0.02486599142",NaN,43,129,-1.02,149.96875,153.96875,4,0.9428090416,"0.02129930614",NaN,NaN,43,129,-1.08,150.03125,153.875,3.84375,0.9339916625,"0.02691436559",NaN,43,129,-1.08,150.0625,153.90625,3.84375,0.9242113755,"0.0307532944"
43.5,130.5,-0.99,NaN,NaN,0,,"",NaN,43.5,130.5,-0.99,"",NaN,0,,"",NaN,43.5,130.5,-0.99,NaN,NaN,0,,"",NaN,43.5,130.5,-0.99,NaN,NaN,0,,"",NaN,43.5,130.5,-0.99,NaN,NaN,0,,"",NaN,43.5,130.5,-1.05,NaN,NaN,0,,"",NaN,43.5,130.5,-1.05,NaN,NaN,0,,"",NaN,43.5,130.5,-1.05,NaN,NaN,0,,"",NaN,NaN,43.5,130.5,-1.11,NaN,NaN,0,,"",NaN,43.5,130.5,-1.11,NaN,NaN,0,,""
44,132,-1.02,NaN,NaN,0,,"",NaN,44,132,-1.02,"",NaN,0,,"",NaN,44,132,-1.02,149.84375,154.125,4.28125,0.9753916592,"0.01199073958",NaN,44,132,-1.02,149.875,154.09375,4.21875,0.9682458366,"0.01448294823",NaN,44,132,-1.02,149.96875,154,4.03125,0.9565007146,"0.01674841929",NaN,44,132,-1.08,149.9375,154,4.0625,0.9501461876,"0.02125862647",NaN,44,132,-1.08,149.96875,154,4.03125,0.9464847243,"0.02192696003",NaN,44,132,-1.08,149.9375,154,4.0625,0.9501461876,"0.02001001721",NaN,NaN,44,132,-1.14,149.9375,154,4.0625,0.9602009246,"0.02076251444",NaN,44,132,-1.14,150,153.9375,3.9375,0.9354143467,"0.02724149901"
44.5,133.5,-1.05,NaN,NaN,0,,"",NaN,44.5,133.5,-1.05,"",NaN,0,,"",NaN,44.5,133.5,-1.05,NaN,NaN,0,,"",NaN,44.5,133.5,-1.05,NaN,NaN,0,,"",NaN,44.5,133.5,-1.05,NaN,NaN,0,,"",NaN,44.5,133.5,-1.11,NaN,NaN,0,,"",NaN,44.5,133.5,-1.11,NaN,NaN,0,,"",NaN,44.5,133.5,-1.11,NaN,NaN,0,,"",NaN,NaN,44.5,133.5,-1.17,NaN,NaN,0,,"",NaN,44.5,133.5,-1.17,NaN,NaN,0,,""
45,135,-1.08,NaN,NaN,0,,"",NaN,45,135,-1.08,"",NaN,0,,"",NaN,45,135,-1.08,149.8125,154.15625,4.34375,0.9824855102,"0",NaN,45,135,-1.08,149.8125,154.125,4.3125,0.9789450104,"0.01010738908",NaN,45,135,-1.08,149.90625,154.09375,4.1875,0.9748613286,"0.01298856843",NaN,45,135,-1.14,149.875,154.03125,4.15625,0.9610468829,"0.01768741717",NaN,45,135,-1.14,149.9375,154,4.0625,0.9501461876,"0.02049012503",NaN,45,135,-1.14,149.875,154.03125,4.15625,0.9610468829,"0.01768741717",NaN,NaN,45,135,-1.2,149.90625,154,4.09375,0.9638869302,"0.01608544261",NaN,45,135,-1.2,149.9375,154,4.0625,0.9501461876,"0.02369661499"
45.5,136.5,-1.11,NaN,NaN,0,,"",NaN,45.5,136.5,-1.11,"",NaN,0,,"",NaN,45.5,136.5,-1.11,NaN,NaN,0,,"",NaN,45.5,136.5,-1.11,NaN,NaN,0,,"",NaN,45.5,136.5,-1.11,NaN,NaN,0,,"",NaN,45.5,136.5,-1.17,NaN,NaN,0,,"",NaN,45.5,136.5,-1.17,NaN,NaN,0,,"",NaN,45.5,136.5,-1.17,NaN,NaN,0,,"",NaN,NaN,45.5,136.5,-1.23,NaN,NaN,0,,"",NaN,45.5,136.5,-1.23,NaN,NaN,0,,""
46,138,-1.14,NaN,NaN,0,,"",NaN,46,138,-1.14,"",NaN,0,,"",NaN,46,138,-1.14,149.78125,154.1875,4.40625,0.9895285073,"0",NaN,46,138,-1.14,149.8125,154.1875,4.375,0.9860132972,"0",NaN,46,138,-1.14,149.875,154.125,4.25,0.982109468,"0",NaN,46,138,-1.2,149.84375,154.09375,4.25,0.9718253158,"0.01423779067",NaN,46,138,-1.2,149.90625,154.0625,4.15625,0.9610468829,"0.01864652986",NaN,46,138,-1.2,149.84375,154.0625,4.21875,0.9682458366,"0.01499892786",NaN,NaN,46,138,-1.26,149.875,154.0625,4.1875,0.9748613286,"0.01369404492",NaN,46,138,-1.26,149.90625,154.0625,4.15625,0.9610468829,"0.01960564256"
46.5,139.5,-1.17,NaN,NaN,0,,"",NaN,46.5,139.5,-1.17,"",NaN,0,,"",NaN,46.5,139.5,-1.17,NaN,NaN,0,,"",NaN,46.5,139.5,-1.17,NaN,NaN,0,,"",NaN,46.5,139.5,-1.17,NaN,NaN,0,,"",NaN,46.5,139.5,-1.23,NaN,NaN,0,,"",NaN,46.5,139.5,-1.23,NaN,NaN,0,,"",NaN,46.5,139.5,-1.23,NaN,NaN,0,,"",NaN,NaN,46.5,139.5,-1.29,NaN,NaN,0,,"",NaN,46.5,139.5,-1.29,NaN,NaN,0,,""
47,141,-1.2,NaN,NaN,0,,"",NaN,47,141,-1.2,"",NaN,0,,"",NaN,47,141,-1.2,149.78125,154.21875,4.4375,0.993031274,"0",NaN,47,141,-1.2,149.78125,154.1875,4.40625,0.9895285073,"0",NaN,47,141,-1.2,149.8125,154.15625,4.34375,0.9928824718,"0",NaN,47,141,-1.26,149.8125,154.125,4.3125,0.9789450104,"0.01108877127",NaN,47,141,-1.26,149.84375,154.09375,4.25,0.9718253158,"0.01497084963",NaN,47,141,-1.26,149.8125,154.125,4.3125,0.9789450104,"0.01184990847",NaN,NaN,47,141,-1.32,149.8125,154.0625,4.25,0.982109468,"0",NaN,47,141,-1.32,149.84375,154.09375,4.25,0.9718253158,"0.0157039086"
47.5,142.5,-1.23,NaN,NaN,0,,"",NaN,47.5,142.5,-1.23,"",NaN,0,,"",NaN,47.5,142.5,-1.23,NaN,NaN,0,,"",NaN,47.5,142.5,-1.23,NaN,NaN,0,,"",NaN,47.5,142.5,-1.23,NaN,NaN,0,,"",NaN,47.5,142.5,-1.29,NaN,NaN,0,,"",NaN,47.5,142.5,-1.29,NaN,NaN,0,,"",NaN,47.5,142.5,-1.29,NaN,NaN,0,,"",NaN,NaN,47.5,142.5,-1.35,NaN,NaN,0,,"",NaN,47.5,142.5,-1.35,NaN,NaN,0,,""
48,144,-1.26,NaN,NaN,0,,"",NaN,48,144,-1.26,"",NaN,0,,"",NaN,48,144,-1.26,149.78125,154.21875,4.4375,0.993031274,"0",NaN,48,144,-1.26,149.75,154.21875,4.46875,0.9965217286,"0",NaN,48,144,-1.26,149.8125,154.1875,4.375,0.9964475909,"0",NaN,48,144,-1.32,149.78125,154.15625,4.375,0.9860132972,"0",NaN,48,144,-1.32,149.8125,154.09375,4.28125,0.9753916592,"0.01247530617",NaN,48,144,-1.32,149.8125,154.15625,4.34375,0.9824855102,"0",NaN,NaN,48,144,-1.38,149.8125,154.09375,4.28125,0.9857135515,"0",NaN,48,144,-1.38,149.8125,154.125,4.3125,0.9789450104,"0.01217433714"
48.5,145.5,-1.29,NaN,NaN,0,,"",NaN,48.5,145.5,-1.29,"",NaN,0,,"",NaN,48.5,145.5,-1.29,NaN,NaN,0,,"",NaN,48.5,145.5,-1.29,NaN,NaN,0,,"",NaN,48.5,145.5,-1.29,NaN,NaN,0,,"",NaN,48.5,145.5,-1.35,NaN,NaN,0,,"",NaN,48.5,145.5,-1.35,NaN,NaN,0,,"",NaN,48.5,145.5,-1.35,NaN,NaN,0,,"",NaN,NaN,48.5,145.5,-1.41,NaN,NaN,0,,"",NaN,48.5,145.5,-1.41,NaN,NaN,0,,""
49,147,-1.32,NaN,NaN,0,,"",NaN,49,147,-1.32,"",NaN,0,,"",NaN,49,147,-1.32,149.75,154.21875,4.46875,0.9965217286,"0",NaN,49,147,-1.32,149.75,154.21875,4.46875,0.9965217286,"0",NaN,49,147,-1.32,149.8125,154.1875,4.375,0.9964475909,"0",NaN,49,147,-1.38,149.78125,154.1875,4.40625,0.9895285073,"0",NaN,49,147,-1.38,149.8125,154.125,4.3125,0.9789450104,"0.01133381785",NaN,49,147,-1.38,149.78125,154.1875,4.40625,0.9895285073,"0",NaN,NaN,49,147,-1.44,149.78125,154.125,4.34375,0.9928824718,"0",NaN,49,147,-1.44,149.8125,154.125,4.3125,0.9789450104,"0.01095629104"
49.5,148.5,-1.35,NaN,NaN,0,,"",NaN,49.5,148.5,-1.35,"",NaN,0,,"",NaN,49.5,148.5,-1.35,NaN,NaN,0,,"",NaN,49.5,148.5,-1.35,NaN,NaN,0,,"",NaN,49.5,148.5,-1.35,NaN,NaN,0,,"",NaN,49.5,148.5,-1.41,NaN,NaN,0,,"",NaN,49.5,148.5,-1.41,NaN,NaN,0,,"",NaN,49.5,148.5,-1.41,NaN,NaN,0,,"",NaN,NaN,49.5,148.5,-1.47,NaN,NaN,0,,"",NaN,49.5,148.5,-1.47,NaN,NaN,0,,""
50,150,-1.38,NaN,NaN,0,,"",NaN,50,150,-1.38,"",NaN,0,,"",NaN,50,150,-1.38,149.75,154.21875,4.46875,0.9965217286,"0",NaN,50,150,-1.38,149.75,154.21875,4.46875,0.9965217286,"0",NaN,50,150,-1.38,149.8125,154.1875,4.375,0.9964475909,"0",NaN,50,150,-1.44,149.75,154.21875,4.46875,0.9965217286,"0",NaN,50,150,-1.44,149.78125,154.15625,4.375,0.9860132972,"0",NaN,50,150,-1.44,149.75,154.21875,4.46875,0.9965217286,"0",NaN,NaN,50,150,-1.5,149.75,154.125,4.375,0.9964475909,"0",NaN,50,150,-1.5,149.78125,154.1875,4.40625,0.9895285073,"0"
50.5,151.5,-1.41,NaN,NaN,0,,"",NaN,50.5,151.5,-1.41,"",NaN,0,,"",NaN,50.5,151.5,-1.41,NaN,NaN,0,,"",NaN,50.5,151.5,-1.41,NaN,NaN,0,,"",NaN,50.5,151.5,-1.41,NaN,NaN,0,,"",NaN,50.5,151.5,-1.47,NaN,NaN,0,,"",NaN,50.5,151.5,-1.47,NaN,NaN,0,,"",NaN,50.5,151.5,-1.47,NaN,NaN,0,,"",NaN,NaN,50.5,151.5,-1.53,NaN,NaN,0,,"",NaN,50.5,151.5,-1.53,NaN,NaN,0,,""
51,153,-1.44,NaN,NaN,0,,"",NaN,51,153,-1.44,"",NaN,0,,"",NaN,51,153,-1.44,149.75,154.21875,4.46875,0.9965217286,"0",NaN,51,153,-1.44,149.75,154.25,4.5,1,"0",NaN,51,153,-1.44,149.8125,154.1875,4.375,0.9964475909,"0",NaN,51,153,-1.5,149.75,154.21875,4.46875,0.9965217286,"0",NaN,51,153,-1.5,149.78125,154.1875,4.40625,0.9895285073,"0",NaN,51,153,-1.5,149.75,154.21875,4.46875,0.9965217286,"0",NaN,NaN,51,153,-1.56,149.75,154.15625,4.40625,1,"0",NaN,51,153,-1.56,149.75,154.1875,4.4375,0.993031274,"0"
51.5,154.5,-1.47,NaN,NaN,0,,"",NaN,51.5,154.5,-1.47,"",NaN,0,,"",NaN,51.5,154.5,-1.47,NaN,NaN,0,,"",NaN,51.5,154.5,-1.47,NaN,NaN,0,,"",NaN,51.5,154.5,-1.47,NaN,NaN,0,,"",NaN,51.5,154.5,-1.53,NaN,NaN,0,,"",NaN,51.5,154.5,-1.53,NaN,NaN,0,,"",NaN,51.5,154.5,-1.53,NaN,NaN,0,,"",NaN,NaN,51.5,154.5,-1.59,NaN,NaN,0,,"",NaN,51.5,154.5,-1.59,NaN,NaN,0,,""
52,156,-1.5,NaN,NaN,0,,"",NaN,52,156,-1.5,"",NaN,0,,"",NaN,52,156,-1.5,149.75,154.21875,4.46875,0.9965217286,"0",NaN,52,156,-1.5,149.75,154.25,4.5,1,"0",NaN,52,156,-1.5,149.8125,154.1875,4.375,0.9964475909,"0",NaN,52,156,-1.56,149.75,154.25,4.5,1,"0",NaN,52,156,-1.56,149.75,154.1875,4.4375,0.993031274,"0",NaN,52,156,-1.56,149.75,154.25,4.5,1,"0",NaN,NaN,52,156,-1.62,149.75,154.15625,4.40625,1,"0",NaN,52,156,-1.62,149.75,154.1875,4.4375,0.993031274,"0"
52.5,157.5,-1.53,NaN,NaN,0,,"",NaN,52.5,157.5,-1.53,"",NaN,0,,"",NaN,52.5,157.5,-1.53,NaN,NaN,0,,"",NaN,52.5,157.5,-1.53,NaN,NaN,0,,"",NaN,52.5,157.5,-1.53,NaN,NaN,0,,"",NaN,52.5,157.5,-1.59,NaN,NaN,0,,"",NaN,52.5,157.5,-1.59,NaN,NaN,0,,"",NaN,52.5,157.5,-1.59,NaN,NaN,0,,"",NaN,NaN,52.5,157.5,-1.65,NaN,NaN,0,,"",NaN,52.5,157.5,-1.65,NaN,NaN,0,,""
53,159,-1.56,NaN,NaN,0,,"",NaN,53,159,-1.56,"",NaN,0,,"",NaN,53,159,-1.56,149.75,154.21875,4.46875,0.9965217286,"0",NaN,53,159,-1.56,149.75,154.25,4.5,1,"0",NaN,53,159,-1.56,149.78125,154.1875,4.40625,1,"0",NaN,53,159,-1.62,149.75,154.25,4.5,1,"0",NaN,53,159,-1.62,149.75,154.1875,4.4375,0.993031274,"0",NaN,53,159,-1.62,149.75,154.25,4.5,1,"0",NaN,NaN,53,159,-1.68,149.75,154.15625,4.40625,1,"0",NaN,53,159,-1.68,149.75,154.21875,4.46875,0.9965217286,"0"
53.5,160.5,-1.59,NaN,NaN,0,,"",NaN,53.5,160.5,-1.59,"",NaN,0,,"",NaN,53.5,160.5,-1.59,NaN,NaN,0,,"",NaN,53.5,160.5,-1.59,NaN,NaN,0,,"",NaN,53.5,160.5,-1.59,NaN,NaN,0,,"",NaN,53.5,160.5,-1.65,NaN,NaN,0,,"",NaN,53.5,160.5,-1.65,NaN,NaN,0,,"",NaN,53.5,160.5,-1.65,NaN,NaN,0,,"",NaN,NaN,53.5,160.5,-1.71,NaN,NaN,0,,"",NaN,53.5,160.5,-1.71,NaN,NaN,0,,""
54,162,-1.62,NaN,NaN,0,,"",NaN,54,162,-1.62,"",NaN,0,,"",NaN,54,162,-1.62,149.75,154.25,4.5,1,"0",NaN,54,162,-1.62,149.75,154.25,4.5,1,"0",NaN,54,162,-1.62,149.78125,154.1875,4.40625,1,"0",NaN,54,162,-1.68,149.75,154.25,4.5,1,"0",NaN,54,162,-1.68,149.75,154.21875,4.46875,0.9965217286,"0",NaN,54,162,-1.68,149.75,154.25,4.5,1,"0",NaN,NaN,54,162,-1.74,149.75,154.15625,4.40625,1,"0",NaN,54,162,-1.74,149.75,154.21875,4.46875,0.9965217286,"0"
54.5,163.5,-1.65,NaN,NaN,0,,"",NaN,54.5,163.5,-1.65,"",NaN,0,,"",NaN,54.5,163.5,-1.65,NaN,NaN,0,,"",NaN,54.5,163.5,-1.65,NaN,NaN,0,,"",NaN,54.5,163.5,-1.65,NaN,NaN,0,,"",NaN,54.5,163.5,-1.71,NaN,NaN,0,,"",NaN,54.5,163.5,-1.71,NaN,NaN,0,,"",NaN,54.5,163.5,-1.71,NaN,NaN,0,,"",NaN,NaN,54.5,163.5,-1.77,NaN,NaN,0,,"",NaN,54.5,163.5,-1.77,NaN,NaN,0,,""
55,165,-1.68,NaN,NaN,0,,"",NaN,55,165,-1.68,"",NaN,0,,"",NaN,55,165,-1.68,149.75,154.25,4.5,1,"0",NaN,55,165,-1.68,149.75,154.25,4.5,1,"0",NaN,55,165,-1.68,149.78125,154.1875,4.40625,1,"0",NaN,55,165,-1.74,149.75,154.25,4.5,1,"0",NaN,55,165,-1.74,149.75,154.25,4.5,1,"0",NaN,55,165,-1.74,149.75,154.25,4.5,1,"0",NaN,NaN,55,165,-1.8,149.75,154.15625,4.40625,1,"0",NaN,55,165,-1.8,149.75,154.25,4.5,1,"0"
55.5,166.5,-1.71,NaN,NaN,0,,"",NaN,55.5,166.5,-1.71,"",NaN,0,,"",NaN,55.5,166.5,-1.71,NaN,NaN,0,,"",NaN,55.5,166.5,-1.71,NaN,NaN,0,,"",NaN,55.5,166.5,-1.71,NaN,NaN,0,,"",NaN,55.5,166.5,-1.77,NaN,NaN,0,,"",NaN,55.5,166.5,-1.77,NaN,NaN,0,,"",NaN,55.5,166.5,-1.77,NaN,NaN,0,,"",NaN,NaN,55.5,166.5,-1.83,NaN,NaN,0,,"",NaN,55.5,166.5,-1.83,NaN,NaN,0,,""
56,168,-1.74,NaN,NaN,0,,"",NaN,56,168,-1.74,"",NaN,0,,"",NaN,56,168,-1.74,149.75,154.25,4.5,1,"0",NaN,56,168,-1.74,149.75,154.25,4.5,1,"0",NaN,56,168,-1.74,149.78125,154.1875,4.40625,1,"0",NaN,56,168,-1.8,149.75,154.25,4.5,1,"0",NaN,56,168,-1.8,149.75,154.25,4.5,1,"0",NaN,56,168,-1.8,149.75,154.25,4.5,1,"0",NaN,NaN,56,168,-1.86,149.75,154.15625,4.40625,1,"0",NaN,56,168,-1.86,149.75,154.25,4.5,1,"0"
56.5,169.5,-1.77,NaN,NaN,0,,"",NaN,56.5,169.5,-1.77,"",NaN,0,,"",NaN,56.5,169.5,-1.77,NaN,NaN,0,,"",NaN,56.5,169.5,-1.77,NaN,NaN,0,,"",NaN,56.5,169.5,-1.77,NaN,NaN,0,,"",NaN,56.5,169.5,-1.83,NaN,NaN,0,,"",NaN,56.5,169.5,-1.83,NaN,NaN,0,,"",NaN,56.5,169.5,-1.83,NaN,NaN,0,,"",NaN,NaN,56.5,169.5,-1.89,NaN,NaN,0,,"",NaN,56.5,169.5,-1.89,NaN,NaN,0,,""
57,171,-1.8,NaN,NaN,0,,"",NaN,57,171,-1.8,"",NaN,0,,"",NaN,57,171,-1.8,149.75,154.25,4.5,1,"0",NaN,57,171,-1.8,149.75,154.25,4.5,1,"0",NaN,57,171,-1.8,149.78125,154.1875,4.40625,1,"0",NaN,57,171,-1.86,149.75,154.25,4.5,1,"0",NaN,57,171,-1.86,149.75,154.25,4.5,1,"0",NaN,57,171,-1.86,149.75,154.25,4.5,1,"0",NaN,NaN,57,171,-1.92,149.75,154.15625,4.40625,1,"0",NaN,57,171,-1.92,149.75,154.25,4.5,1,"0"
57.5,172.5,-1.83,NaN,NaN,0,,"",NaN,57.5,172.5,-1.83,"",NaN,0,,"",NaN,57.5,172.5,-1.83,NaN,NaN,0,,"",NaN,57.5,172.5,-1.83,NaN,NaN,0,,"",NaN,57.5,172.5,-1.83,NaN,NaN,0,,"",NaN,57.5,172.5,-1.89,NaN,NaN,0,,"",NaN,57.5,172.5,-1.89,NaN,NaN,0,,"",NaN,57.5,172.5,-1.89,NaN,NaN,0,,"",NaN,NaN,57.5,172.5,-1.95,NaN,NaN,0,,"",NaN,57.5,172.5,-1.95,NaN,NaN,0,,""
58,174,-1.86,NaN,NaN,0,,"",NaN,58,174,-1.86,"",NaN,0,,"",NaN,58,174,-1.86,149.75,154.25,4.5,1,"0",NaN,58,174,-1.86,149.75,154.25,4.5,1,"0",NaN,58,174,-1.86,149.78125,154.1875,4.40625,1,"0",NaN,58,174,-1.92,149.75,154.25,4.5,1,"0",NaN,58,174,-1.92,149.75,154.25,4.5,1,"0",NaN,58,174,-1.92,149.75,154.25,4.5,1,"0",NaN,NaN,58,174,-1.98,149.75,154.15625,4.40625,1,"0",NaN,58,174,-1.98,149.75,154.25,4.5,1,"0"
58.5,175.5,-1.89,NaN,NaN,0,,"",NaN,58.5,175.5,-1.89,"",NaN,0,,"",NaN,58.5,175.5,-1.89,NaN,NaN,0,,"",NaN,58.5,175.5,-1.89,NaN,NaN,0,,"",NaN,58.5,175.5,-1.89,NaN,NaN,0,,"",NaN,58.5,175.5,-1.95,NaN,NaN,0,,"",NaN,58.5,175.5,-1.95,NaN,NaN,0,,"",NaN,58.5,175.5,-1.95,NaN,NaN,0,,"",NaN,NaN,58.5,175.5,-2.01,NaN,NaN,0,,"",NaN,58.5,175.5,-2.01,NaN,NaN,0,,""
59,177,-1.92,NaN,NaN,0,,"",NaN,59,177,-1.92,"",NaN,0,,"",NaN,59,177,-1.92,149.75,154.25,4.5,1,"0",NaN,59,177,-1.92,149.75,154.25,4.5,1,"0",NaN,59,177,-1.92,149.78125,154.1875,4.40625,1,"0",NaN,59,177,-1.98,149.75,154.25,4.5,1,"0",NaN,59,177,-1.98,149.75,154.25,4.5,1,"0",NaN,59,177,-1.98,149.75,154.25,4.5,1,"0",NaN,NaN,59,177,-2.04,149.75,154.15625,4.40625,1,"0",NaN,59,177,-2.04,149.75,154.25,4.5,1,"0"
59.5,178.5,-1.95,NaN,NaN,0,,"",NaN,59.5,178.5,-1.95,"",NaN,0,,"",NaN,59.5,178.5,-1.95,NaN,NaN,0,,"",NaN,59.5,178.5,-1.95,NaN,NaN,0,,"",NaN,59.5,178.5,-1.95,NaN,NaN,0,,"",NaN,59.5,178.5,-2.01,NaN,NaN,0,,"",NaN,59.5,178.5,-2.01,NaN,NaN,0,,"",NaN,59.5,178.5,-2.01,NaN,NaN,0,,"",NaN,NaN,59.5,178.5,-2.07,NaN,NaN,0,,"",NaN,59.5,178.5,-2.07,NaN,NaN,0,,""
60,180,-1.98,NaN,NaN,0,,"",NaN,60,180,-1.98,"",NaN,0,,"",NaN,60,180,-1.98,149.75,154.25,4.5,1,"0",NaN,60,180,-1.98,149.75,154.25,4.5,1,"0",NaN,60,180,-1.98,149.78125,154.1875,4.40625,1,"0",NaN,60,180,-2.04,149.75,154.25,4.5,1,"0",NaN,60,180,-2.04,149.75,154.25,4.5,1,"0",NaN,60,180,-2.04,149.75,154.25,4.5,1,"0",NaN,NaN,60,180,-2.1,149.75,154.15625,4.40625,1,"0",NaN,60,180,-2.1,149.75,154.25,4.5,1,"0"
NaN,NaN,NaN,NaN,NaN,NaN,,"",NaN,NaN,NaN,NaN,"",NaN,NaN,,"",NaN,NaN,NaN,NaN,NaN,NaN,NaN,,"",NaN,NaN,NaN,NaN,NaN,NaN,NaN,,"",NaN,NaN,NaN,NaN,NaN,NaN,NaN,,"",NaN,NaN,NaN,NaN,NaN,NaN,NaN,,"",NaN,60.5,6.05,36.5506,NaN,NaN,0,,"",NaN,60.5,6.05,36.5506,NaN,NaN,0,,"",NaN,NaN,NaN,NaN,NaN,NaN,NaN,NaN,,"",NaN,NaN,NaN,NaN,NaN,NaN,NaN,,""
NaN,NaN,NaN,NaN,NaN,NaN,,"",NaN,NaN,NaN,NaN,"",NaN,NaN,,"",NaN,NaN,NaN,NaN,NaN,NaN,NaN,,"",NaN,NaN,NaN,NaN,NaN,NaN,NaN,,"",NaN,NaN,NaN,NaN,NaN,NaN,NaN,,"",NaN,NaN,NaN,NaN,NaN,NaN,NaN,,"",NaN,61,6.1,36.5252,149.75,154.25,4.5,,"",NaN,61,6.1,36.5252,149.75,154.25,4.5,,"",NaN,NaN,NaN,NaN,NaN,NaN,NaN,NaN,,"",NaN,NaN,NaN,NaN,NaN,NaN,NaN,,""
NaN,NaN,NaN,NaN,NaN,NaN,,"",NaN,NaN,NaN,NaN,"",NaN,NaN,,"",NaN,NaN,NaN,NaN,NaN,NaN,NaN,,"",NaN,NaN,NaN,NaN,NaN,NaN,NaN,,"",NaN,NaN,NaN,NaN,NaN,NaN,NaN,,"",NaN,NaN,NaN,NaN,NaN,NaN,NaN,,"",NaN,61.5,6.15,36.4998,NaN,NaN,0,,"",NaN,61.5,6.15,36.4998,NaN,NaN,0,,"",NaN,NaN,NaN,NaN,NaN,NaN,NaN,NaN,,"",NaN,NaN,NaN,NaN,NaN,NaN,NaN,,""
NaN,NaN,NaN,NaN,NaN,NaN,,"",NaN,NaN,NaN,NaN,"",NaN,NaN,,"",NaN,NaN,NaN,NaN,NaN,NaN,NaN,,"",NaN,NaN,NaN,NaN,NaN,NaN,NaN,,"",NaN,NaN,NaN,NaN,NaN,NaN,NaN,,"",NaN,NaN,NaN,NaN,NaN,NaN,NaN,,"",NaN,62,6.2,36.4744,149.75,154.25,4.5,,"",NaN,62,6.2,36.4744,149.75,154.25,4.5,,"",NaN,NaN,NaN,NaN,NaN,NaN,NaN,NaN,,"",NaN,NaN,NaN,NaN,NaN,NaN,NaN,,""
NaN,NaN,NaN,NaN,NaN,NaN,,"",NaN,NaN,NaN,NaN,"",NaN,NaN,,"",NaN,NaN,NaN,NaN,NaN,NaN,NaN,,"",NaN,NaN,NaN,NaN,NaN,NaN,NaN,,"",NaN,NaN,NaN,NaN,NaN,NaN,NaN,,"",NaN,NaN,NaN,NaN,NaN,NaN,NaN,,"",NaN,62.5,6.25,36.449,NaN,NaN,0,,"",NaN,62.5,6.25,36.449,NaN,NaN,0,,"",NaN,NaN,NaN,NaN,NaN,NaN,NaN,NaN,,"",NaN,NaN,NaN,NaN,NaN,NaN,NaN,,""
NaN,NaN,NaN,NaN,NaN,NaN,,"",NaN,NaN,NaN,NaN,"",NaN,NaN,,"",NaN,NaN,NaN,NaN,NaN,NaN,NaN,,"",NaN,NaN,NaN,NaN,NaN,NaN,NaN,,"",NaN,NaN,NaN,NaN,NaN,NaN,NaN,,"",NaN,NaN,NaN,NaN,NaN,NaN,NaN,,"",NaN,63,6.3,36.4236,149.75,154.25,4.5,,"",NaN,63,6.3,36.4236,149.75,154.25,4.5,,"",NaN,NaN,NaN,NaN,NaN,NaN,NaN,NaN,,"",NaN,NaN,NaN,NaN,NaN,NaN,NaN,,""
NaN,NaN,NaN,NaN,NaN,NaN,,"",NaN,NaN,NaN,NaN,"",NaN,NaN,,"",NaN,NaN,NaN,NaN,NaN,NaN,NaN,,"",NaN,NaN,NaN,NaN,NaN,NaN,NaN,,"",NaN,NaN,NaN,NaN,NaN,NaN,NaN,,"",NaN,NaN,NaN,NaN,NaN,NaN,NaN,,"",NaN,63.5,6.35,36.3982,NaN,NaN,0,,"",NaN,63.5,6.35,36.3982,NaN,NaN,0,,"",NaN,NaN,NaN,NaN,NaN,NaN,NaN,NaN,,"",NaN,NaN,NaN,NaN,NaN,NaN,NaN,,""
NaN,NaN,NaN,NaN,NaN,NaN,,"",NaN,NaN,NaN,NaN,"",NaN,NaN,,"",NaN,NaN,NaN,NaN,NaN,NaN,NaN,,"",NaN,NaN,NaN,NaN,NaN,NaN,NaN,,"",NaN,NaN,NaN,NaN,NaN,NaN,NaN,,"",NaN,NaN,NaN,NaN,NaN,NaN,NaN,,"",NaN,64,6.4,36.3728,149.75,154.25,4.5,,"",NaN,64,6.4,36.3728,149.75,154.25,4.5,,"",NaN,NaN,NaN,NaN,NaN,NaN,NaN,NaN,,"",NaN,NaN,NaN,NaN,NaN,NaN,NaN,,""
NaN,NaN,NaN,NaN,NaN,NaN,,"",NaN,NaN,NaN,NaN,"",NaN,NaN,,"",NaN,NaN,NaN,NaN,NaN,NaN,NaN,,"",NaN,NaN,NaN,NaN,NaN,NaN,NaN,,"",NaN,NaN,NaN,NaN,NaN,NaN,NaN,,"",NaN,NaN,NaN,NaN,NaN,NaN,NaN,,"",NaN,64.5,6.45,36.3474,NaN,NaN,0,,"",NaN,64.5,6.45,36.3474,NaN,NaN,0,,"",NaN,NaN,NaN,NaN,NaN,NaN,NaN,NaN,,"",NaN,NaN,NaN,NaN,NaN,NaN,NaN,,""
NaN,NaN,NaN,NaN,NaN,NaN,,"",NaN,NaN,NaN,NaN,"",NaN,NaN,,"",NaN,NaN,NaN,NaN,NaN,NaN,NaN,,"",NaN,NaN,NaN,NaN,NaN,NaN,NaN,,"",NaN,NaN,NaN,NaN,NaN,NaN,NaN,,"",NaN,NaN,NaN,NaN,NaN,NaN,NaN,,"",NaN,65,6.5,36.322,149.75,154.25,4.5,,"",NaN,65,6.5,36.322,149.75,154.25,4.5,,"",NaN,NaN,NaN,NaN,NaN,NaN,NaN,NaN,,"",NaN,NaN,NaN,NaN,NaN,NaN,NaN,,""
NaN,NaN,NaN,NaN,NaN,NaN,,"",NaN,NaN,NaN,NaN,"",NaN,NaN,,"",NaN,NaN,NaN,NaN,NaN,NaN,NaN,,"",NaN,NaN,NaN,NaN,NaN,NaN,NaN,,"",NaN,NaN,NaN,NaN,NaN,NaN,NaN,,"",NaN,NaN,NaN,NaN,NaN,NaN,NaN,,"",NaN,65.5,6.55,36.2966,NaN,NaN,0,,"",NaN,65.5,6.55,36.2966,NaN,NaN,0,,"",NaN,NaN,NaN,NaN,NaN,NaN,NaN,NaN,,"",NaN,NaN,NaN,NaN,NaN,NaN,NaN,,""
NaN,NaN,NaN,NaN,NaN,NaN,,"",NaN,NaN,NaN,NaN,"",NaN,NaN,,"",NaN,NaN,NaN,NaN,NaN,NaN,NaN,,"",NaN,NaN,NaN,NaN,NaN,NaN,NaN,,"",NaN,NaN,NaN,NaN,NaN,NaN,NaN,,"",NaN,NaN,NaN,NaN,NaN,NaN,NaN,,"",NaN,66,6.6,36.2712,149.75,154.25,4.5,,"",NaN,66,6.6,36.2712,NaN,NaN,0,,"",NaN,NaN,NaN,NaN,NaN,NaN,NaN,NaN,,"",NaN,NaN,NaN,NaN,NaN,NaN,NaN,,""
NaN,NaN,NaN,NaN,NaN,NaN,,"",NaN,NaN,NaN,NaN,"",NaN,NaN,,"",NaN,NaN,NaN,NaN,NaN,NaN,NaN,,"",NaN,NaN,NaN,NaN,NaN,NaN,NaN,,"",NaN,NaN,NaN,NaN,NaN,NaN,NaN,,"",NaN,NaN,NaN,NaN,NaN,NaN,NaN,,"",NaN,66.5,6.65,36.2458,NaN,NaN,0,,"",NaN,66.5,6.65,36.2458,NaN,NaN,0,,"",NaN,NaN,NaN,NaN,NaN,NaN,NaN,NaN,,"",NaN,NaN,NaN,NaN,NaN,NaN,NaN,,""
NaN,NaN,NaN,NaN,NaN,NaN,,"",NaN,NaN,NaN,NaN,"",NaN,NaN,,"",NaN,NaN,NaN,NaN,NaN,NaN,NaN,,"",NaN,NaN,NaN,NaN,NaN,NaN,NaN,,"",NaN,NaN,NaN,NaN,NaN,NaN,NaN,,"",NaN,NaN,NaN,NaN,NaN,NaN,NaN,,"",NaN,67,6.7,36.2204,149.75,154.25,4.5,,"",NaN,NaN,NaN,NaN,NaN,NaN,NaN,,"",NaN,NaN,NaN,NaN,NaN,NaN,NaN,NaN,,"",NaN,NaN,NaN,NaN,NaN,NaN,NaN,,""
NaN,NaN,NaN,NaN,NaN,NaN,,"",NaN,NaN,NaN,NaN,"",NaN,NaN,,"",NaN,NaN,NaN,NaN,NaN,NaN,NaN,,"",NaN,NaN,NaN,NaN,NaN,NaN,NaN,,"",NaN,NaN,NaN,NaN,NaN,NaN,NaN,,"",NaN,NaN,NaN,NaN,NaN,NaN,NaN,,"",NaN,67.5,6.75,36.195,NaN,NaN,0,,"",NaN,NaN,NaN,NaN,NaN,NaN,NaN,,"",NaN,NaN,NaN,NaN,NaN,NaN,NaN,NaN,,"",NaN,NaN,NaN,NaN,NaN,NaN,NaN,,""
NaN,NaN,NaN,NaN,NaN,NaN,,"",NaN,NaN,NaN,NaN,"",NaN,NaN,,"",NaN,NaN,NaN,NaN,NaN,NaN,NaN,,"",NaN,NaN,NaN,NaN,NaN,NaN,NaN,,"",NaN,NaN,NaN,NaN,NaN,NaN,NaN,,"",NaN,NaN,NaN,NaN,NaN,NaN,NaN,,"",NaN,68,6.8,36.1696,149.75,154.25,4.5,,"",NaN,NaN,NaN,NaN,NaN,NaN,NaN,,"",NaN,NaN,NaN,NaN,NaN,NaN,NaN,NaN,,"",NaN,NaN,NaN,NaN,NaN,NaN,NaN,,""
NaN,NaN,NaN,NaN,NaN,NaN,,"",NaN,NaN,NaN,NaN,"",NaN,NaN,,"",NaN,NaN,NaN,NaN,NaN,NaN,NaN,,"",NaN,NaN,NaN,NaN,NaN,NaN,NaN,,"",NaN,NaN,NaN,NaN,NaN,NaN,NaN,,"",NaN,NaN,NaN,NaN,NaN,NaN,NaN,,"",NaN,68.5,6.85,36.1442,NaN,NaN,0,,"",NaN,NaN,NaN,NaN,NaN,NaN,NaN,,"",NaN,NaN,NaN,NaN,NaN,NaN,NaN,NaN,,"",NaN,NaN,NaN,NaN,NaN,NaN,NaN,,""
NaN,NaN,NaN,NaN,NaN,NaN,,"",NaN,NaN,NaN,NaN,"",NaN,NaN,,"",NaN,NaN,NaN,NaN,NaN,NaN,NaN,,"",NaN,NaN,NaN,NaN,NaN,NaN,NaN,,"",NaN,NaN,NaN,NaN,NaN,NaN,NaN,,"",NaN,NaN,NaN,NaN,NaN,NaN,NaN,,"",NaN,69,6.9,36.1188,149.75,154.25,4.5,,"",NaN,NaN,NaN,NaN,NaN,NaN,NaN,,"",NaN,NaN,NaN,NaN,NaN,NaN,NaN,NaN,,"",NaN,NaN,NaN,NaN,NaN,NaN,NaN,,""
NaN,NaN,NaN,NaN,NaN,NaN,,"",NaN,NaN,NaN,NaN,"",NaN,NaN,,"",NaN,NaN,NaN,NaN,NaN,NaN,NaN,,"",NaN,NaN,NaN,NaN,NaN,NaN,NaN,,"",NaN,NaN,NaN,NaN,NaN,NaN,NaN,,"",NaN,NaN,NaN,NaN,NaN,NaN,NaN,,"",NaN,69.5,6.95,36.0934,NaN,NaN,0,,"",NaN,NaN,NaN,NaN,NaN,NaN,NaN,,"",NaN,NaN,NaN,NaN,NaN,NaN,NaN,NaN,,"",NaN,NaN,NaN,NaN,NaN,NaN,NaN,,""
NaN,NaN,NaN,NaN,NaN,NaN,,"",NaN,NaN,NaN,NaN,"",NaN,NaN,,"",NaN,NaN,NaN,NaN,NaN,NaN,NaN,,"",NaN,NaN,NaN,NaN,NaN,NaN,NaN,,"",NaN,NaN,NaN,NaN,NaN,NaN,NaN,,"",NaN,NaN,NaN,NaN,NaN,NaN,NaN,,"",NaN,70,7,36.068,149.75,154.25,4.5,,"",NaN,NaN,NaN,NaN,NaN,NaN,NaN,,"",NaN,NaN,NaN,NaN,NaN,NaN,NaN,NaN,,"",NaN,NaN,NaN,NaN,NaN,NaN,NaN,,""
NaN,NaN,NaN,NaN,NaN,NaN,,"",NaN,NaN,NaN,NaN,"",NaN,NaN,,"",NaN,NaN,NaN,NaN,NaN,NaN,NaN,,"",NaN,NaN,NaN,NaN,NaN,NaN,NaN,,"",NaN,NaN,NaN,NaN,NaN,NaN,NaN,,"",NaN,NaN,NaN,NaN,NaN,NaN,NaN,,"",NaN,70.5,7.05,36.0426,NaN,NaN,0,,"",NaN,NaN,NaN,NaN,NaN,NaN,NaN,,"",NaN,NaN,NaN,NaN,NaN,NaN,NaN,NaN,,"",NaN,NaN,NaN,NaN,NaN,NaN,NaN,,""
NaN,NaN,NaN,NaN,NaN,NaN,,"",NaN,NaN,NaN,NaN,"",NaN,NaN,,"",NaN,NaN,NaN,NaN,NaN,NaN,NaN,,"",NaN,NaN,NaN,NaN,NaN,NaN,NaN,,"",NaN,NaN,NaN,NaN,NaN,NaN,NaN,,"",NaN,NaN,NaN,NaN,NaN,NaN,NaN,,"",NaN,71,7.1,36.0172,NaN,NaN,0,,"",NaN,NaN,NaN,NaN,NaN,NaN,NaN,,"",NaN,NaN,NaN,NaN,NaN,NaN,NaN,NaN,,"",NaN,NaN,NaN,NaN,NaN,NaN,NaN,,""
