Var1,Var2,Var3,Var4,Var5,Var6,Var7,Var8,Var9,Var10,Var11,Var12,Var13,Var14,Var15,Var16,Var17,Var18,Var19,Var20,Var21,Var22,Var23,Var24,Var25,Var26,Var27,Var28,Var29,Var30,Var31,Var32,Var33,Var34,Var35,Var36,Var37,Var38,Var39,Var40,Var41,Var42,Var43,Var44,Var45,Var46,Var47,Var48,Var49,Var50,Var51,Var52,Var53,Var54,Var55,Var56,Var57,Var58,Var59,Var60,Var61,Var62,Var63,Var64,Var65,Var66,Var67,Var68,Var69,Var70,Var71
NaN,NaN,NaN,"",NaN,NaN,,"",NaN,NaN,NaN,NaN,"",NaN,NaN,,"",NaN,NaN,45083,NaN,NaN,NaN,NaN,,"",NaN,NaN,45083,NaN,NaN,NaN,NaN,,"",NaN,NaN,NaN,NaN,NaN,NaN,NaN,,"",NaN,NaN,NaN,NaN,"",NaN,NaN,,"",NaN,NaN,NaN,NaN,"",NaN,NaN,,"",NaN,NaN,NaN,NaN,"",NaN,NaN,,""
NaN,4.5,NaN,"Unobstructed momentum (rho-, D-, and U-normalized)",0.7853981634,NaN,,"U inclusion threshold for thrust",NaN,NaN,4.5,NaN,"Unobstructed momentum (rho-, D-, and U-normalized)",0.7853981634,NaN,,"U inclusion threshold for thrust",NaN,NaN,4.46875,NaN,NaN,0.7853981634,NaN,,"U inclusion threshold for thrust",NaN,NaN,4.4375,NaN,NaN,0.7853981634,NaN,,"U inclusion threshold for thrust",NaN,NaN,4.4375,NaN,NaN,0.7853981634,NaN,,"U inclusion threshold for thrust",NaN,NaN,4.5,NaN,"Unobstructed momentum (rho-, D-, and U-normalized)",0.7853981634,NaN,,"U inclusion threshold for thrust",NaN,NaN,4.5,NaN,"Unobstructed momentum (rho-, D-, and U-normalized)",0.7853981634,NaN,,"U inclusion threshold for thrust",NaN,NaN,4.5,NaN,"Unobstructed momentum (rho-, D-, and U-normalized)",0.7853981634,NaN,,"U inclusion threshold for thrust"
NaN,9.5,NaN,"Isobaric thrust (sum of half circles = 0.5 * sum of circles)",0,NaN,,"0.98",NaN,NaN,14.3,NaN,"Isobaric thrust (sum of half circles = 0.5 * sum of circles)",0,NaN,,"0.98",NaN,NaN,19.3,NaN,NaN,0,NaN,,"0.98",NaN,NaN,19.3,NaN,NaN,0,NaN,,"0.98",NaN,NaN,29.3,NaN,NaN,0,NaN,,"0.98",NaN,NaN,34.3,NaN,"Isobaric thrust (sum of half circles = 0.5 * sum of circles)",0,NaN,,"0.98",NaN,NaN,39.3,NaN,"Isobaric thrust (sum of half circles = 0.5 * sum of circles)",0,NaN,,"0.98",NaN,NaN,44.3,NaN,"Isobaric thrust (sum of half circles = 0.5 * sum of circles)",0,NaN,,"0.98"
NaN,5.2625,NaN,"Thrust coefficient",0,NaN,,"",NaN,NaN,10.0625,NaN,"Thrust coefficient",0,NaN,,"",NaN,NaN,15.0625,NaN,NaN,0,NaN,,"",NaN,NaN,15.0625,NaN,NaN,0,NaN,,"",NaN,NaN,25.0625,NaN,NaN,0,NaN,,"",NaN,NaN,30.0625,NaN,"Thrust coefficient",0,NaN,,"",NaN,NaN,35.0625,NaN,"Thrust coefficient",0,NaN,,"",NaN,NaN,40.0625,NaN,"Thrust coefficient",0,NaN,,""
NaN,1.0525,NaN,"",NaN,NaN,,"Trapezium, full circle",NaN,NaN,2.0125,NaN,"",NaN,NaN,,"Trapezium, full circle",NaN,NaN,3.0125,NaN,NaN,NaN,NaN,,"Trapezium, full circle",NaN,NaN,3.0125,NaN,NaN,NaN,NaN,,"Trapezium, full circle",NaN,NaN,5.0125,NaN,NaN,NaN,NaN,,"Trapezium, full circle",NaN,NaN,6.0125,NaN,"",NaN,NaN,,"Trapezium, full circle",NaN,NaN,7.0125,NaN,"",NaN,NaN,,"Trapezium, full circle",NaN,NaN,8.0125,NaN,"",NaN,NaN,,"Trapezium, full circle"
NaN,72,NaN,"",NaN,NaN,,"dF = pi*(ro-ri)*(ro*uo*(1-uo)+ri*ui*(1-ui)) where o=outer, i=inner",NaN,NaN,72,NaN,"",NaN,NaN,,"dF = pi*(ro-ri)*(ro*uo*(1-uo)+ri*ui*(1-ui)) where o=outer, i=inner",NaN,NaN,106.5,NaN,NaN,NaN,NaN,,"dF = pi*(ro-ri)*(ro*uo*(1-uo)+ri*ui*(1-ui)) where o=outer, i=inner",NaN,NaN,106.5,NaN,NaN,NaN,NaN,,"dF = pi*(ro-ri)*(ro*uo*(1-uo)+ri*ui*(1-ui)) where o=outer, i=inner",NaN,NaN,106.5,NaN,NaN,NaN,NaN,,"dF = pi*(ro-ri)*(ro*uo*(1-uo)+ri*ui*(1-ui)) where o=outer, i=inner",NaN,NaN,72,NaN,"",NaN,NaN,,"dF = pi*(ro-ri)*(ro*uo*(1-uo)+ri*ui*(1-ui)) where o=outer, i=inner",NaN,NaN,72,NaN,"",NaN,NaN,,"dF = pi*(ro-ri)*(ro*uo*(1-uo)+ri*ui*(1-ui)) where o=outer, i=inner",NaN,NaN,72,NaN,"",NaN,NaN,,"dF = pi*(ro-ri)*(ro*uo*(1-uo)+ri*ui*(1-ui)) where o=outer, i=inner"
NaN,NaN,NaN,"h1",NaN,NaN,U/Uinf,"Normalized thrust (full circles)",NaN,NaN,NaN,NaN,"h1",NaN,NaN,U/Uinf,"Normalized thrust (full circles)",NaN,NaN,NaN,NaN,NaN,NaN,NaN,U/Uinf,"Normalized thrust (full circles)",NaN,NaN,NaN,NaN,NaN,NaN,NaN,U/Uinf,"Normalized thrust (full circles)",NaN,NaN,NaN,NaN,NaN,NaN,NaN,U/Uinf,"Normalized thrust (full circles)",NaN,NaN,NaN,NaN,"h1",NaN,NaN,U/Uinf,"Normalized thrust (full circles)",NaN,NaN,NaN,NaN,"h1",NaN,NaN,U/Uinf,"Normalized thrust (full circles)",NaN,NaN,NaN,NaN,"h1",NaN,NaN,U/Uinf,"Normalized thrust (full circles)"
-15,-45,2.34,"",NaN,0,,"",NaN,-15,-45,2.34,"",NaN,0,,"",NaN,-15,-45,3.03,NaN,NaN,0,,"",NaN,-15,-45,3.03,NaN,NaN,0,,"",NaN,-15,-45,3.03,NaN,NaN,0,,"",NaN,-15,-45,2.34,"",NaN,0,,"",NaN,-15,-45,2.34,"",NaN,0,,"",NaN,-15,-45,2.34,"",NaN,0,,""
-14.5,-43.5,2.31,"",NaN,0,,"",NaN,-14.5,-43.5,2.31,"",NaN,0,,"",NaN,-14.5,-43.5,3,NaN,NaN,0,,"",NaN,-14.5,-43.5,3,NaN,NaN,0,,"",NaN,-14.5,-43.5,3,NaN,NaN,0,,"",NaN,-14.5,-43.5,2.31,"",NaN,0,,"",NaN,-14.5,-43.5,2.31,"",NaN,0,,"",NaN,-14.5,-43.5,2.31,"",NaN,0,,""
-14,-42,2.28,"",NaN,0,,"",NaN,-14,-42,2.28,"",NaN,0,,"",NaN,-14,-42,2.97,NaN,NaN,0,,"",NaN,-14,-42,2.97,NaN,NaN,0,,"",NaN,-14,-42,2.97,NaN,NaN,0,,"",NaN,-14,-42,2.28,"",NaN,0,,"",NaN,-14,-42,2.28,"",NaN,0,,"",NaN,-14,-42,2.28,"",NaN,0,,""
-13.5,-40.5,2.25,"",NaN,0,,"",NaN,-13.5,-40.5,2.25,"",NaN,0,,"",NaN,-13.5,-40.5,2.94,NaN,NaN,0,,"",NaN,-13.5,-40.5,2.94,NaN,NaN,0,,"",NaN,-13.5,-40.5,2.94,NaN,NaN,0,,"",NaN,-13.5,-40.5,2.25,"",NaN,0,,"",NaN,-13.5,-40.5,2.25,"",NaN,0,,"",NaN,-13.5,-40.5,2.25,"",NaN,0,,""
-13,-39,2.22,"",NaN,0,,"",NaN,-13,-39,2.22,"",NaN,0,,"",NaN,-13,-39,2.91,NaN,NaN,0,,"",NaN,-13,-39,2.91,NaN,NaN,0,,"",NaN,-13,-39,2.91,NaN,NaN,0,,"",NaN,-13,-39,2.22,"",NaN,0,,"",NaN,-13,-39,2.22,"",NaN,0,,"",NaN,-13,-39,2.22,"",NaN,0,,""
-12.5,-37.5,2.19,"",NaN,0,,"",NaN,-12.5,-37.5,2.19,"",NaN,0,,"",NaN,-12.5,-37.5,2.88,NaN,NaN,0,,"",NaN,-12.5,-37.5,2.88,NaN,NaN,0,,"",NaN,-12.5,-37.5,2.88,NaN,NaN,0,,"",NaN,-12.5,-37.5,2.19,"",NaN,0,,"",NaN,-12.5,-37.5,2.19,"",NaN,0,,"",NaN,-12.5,-37.5,2.19,"",NaN,0,,""
-12,-36,2.16,"",NaN,0,,"",NaN,-12,-36,2.16,"",NaN,0,,"",NaN,-12,-36,2.85,NaN,NaN,0,,"",NaN,-12,-36,2.85,NaN,NaN,0,,"",NaN,-12,-36,2.85,NaN,NaN,0,,"",NaN,-12,-36,2.16,"",NaN,0,,"",NaN,-12,-36,2.16,"",NaN,0,,"",NaN,-12,-36,2.16,"",NaN,0,,""
-11.5,-34.5,2.13,"",NaN,0,,"",NaN,-11.5,-34.5,2.13,"",NaN,0,,"",NaN,-11.5,-34.5,2.82,NaN,NaN,0,,"",NaN,-11.5,-34.5,2.82,NaN,NaN,0,,"",NaN,-11.5,-34.5,2.82,NaN,NaN,0,,"",NaN,-11.5,-34.5,2.13,"",NaN,0,,"",NaN,-11.5,-34.5,2.13,"",NaN,0,,"",NaN,-11.5,-34.5,2.13,"",NaN,0,,""
-11,-33,2.1,"",NaN,0,,"",NaN,-11,-33,2.1,"",NaN,0,,"",NaN,-11,-33,2.79,NaN,NaN,0,,"",NaN,-11,-33,2.79,NaN,NaN,0,,"",NaN,-11,-33,2.79,NaN,NaN,0,,"",NaN,-11,-33,2.1,"",NaN,0,,"",NaN,-11,-33,2.1,"",NaN,0,,"",NaN,-11,-33,2.1,"",NaN,0,,""
-10.5,-31.5,2.07,"",NaN,0,,"",NaN,-10.5,-31.5,2.07,"",NaN,0,,"",NaN,-10.5,-31.5,2.76,NaN,NaN,0,,"",NaN,-10.5,-31.5,2.76,NaN,NaN,0,,"",NaN,-10.5,-31.5,2.76,NaN,NaN,0,,"",NaN,-10.5,-31.5,2.07,"",NaN,0,,"",NaN,-10.5,-31.5,2.07,"",NaN,0,,"",NaN,-10.5,-31.5,2.07,"",NaN,0,,""
-10,-30,2.04,"",NaN,0,,"",NaN,-10,-30,2.04,"",NaN,0,,"",NaN,-10,-30,2.73,150.78125,155.25,4.46875,1,"0",NaN,-10,-30,2.73,150.8125,155.25,4.4375,1,"0",NaN,-10,-30,2.73,150.8125,155.25,4.4375,1,"0",NaN,-10,-30,2.04,"",NaN,0,,"",NaN,-10,-30,2.04,"",NaN,0,,"",NaN,-10,-30,2.04,"",NaN,0,,""
-9.5,-28.5,2.01,"",NaN,0,,"",NaN,-9.5,-28.5,2.01,"",NaN,0,,"",NaN,-9.5,-28.5,2.7,NaN,NaN,0,,"",NaN,-9.5,-28.5,2.7,NaN,NaN,0,,"",NaN,-9.5,-28.5,2.7,NaN,NaN,0,,"",NaN,-9.5,-28.5,2.01,"",NaN,0,,"",NaN,-9.5,-28.5,2.01,"",NaN,0,,"",NaN,-9.5,-28.5,2.01,"",NaN,0,,""
-9,-27,1.98,"",NaN,0,,"",NaN,-9,-27,1.98,"",NaN,0,,"",NaN,-9,-27,2.67,NaN,NaN,0,,"",NaN,-9,-27,2.67,NaN,NaN,0,,"",NaN,-9,-27,2.67,NaN,NaN,0,,"",NaN,-9,-27,1.98,"",NaN,0,,"",NaN,-9,-27,1.98,"",NaN,0,,"",NaN,-9,-27,1.98,"",NaN,0,,""
-8.5,-25.5,1.95,"",NaN,0,,"",NaN,-8.5,-25.5,1.95,"",NaN,0,,"",NaN,-8.5,-25.5,2.64,NaN,NaN,0,,"",NaN,-8.5,-25.5,2.64,NaN,NaN,0,,"",NaN,-8.5,-25.5,2.64,NaN,NaN,0,,"",NaN,-8.5,-25.5,1.95,"",NaN,0,,"",NaN,-8.5,-25.5,1.95,"",NaN,0,,"",NaN,-8.5,-25.5,1.95,"",NaN,0,,""
-8,-24,1.92,"",NaN,0,,"",NaN,-8,-24,1.92,"",NaN,0,,"",NaN,-8,-24,2.61,NaN,NaN,0,,"",NaN,-8,-24,2.61,NaN,NaN,0,,"",NaN,-8,-24,2.61,NaN,NaN,0,,"",NaN,-8,-24,1.92,"",NaN,0,,"",NaN,-8,-24,1.92,"",NaN,0,,"",NaN,-8,-24,1.92,"",NaN,0,,""
-7.5,-22.5,1.89,"",NaN,0,,"",NaN,-7.5,-22.5,1.89,"",NaN,0,,"",NaN,-7.5,-22.5,2.58,NaN,NaN,0,,"",NaN,-7.5,-22.5,2.58,NaN,NaN,0,,"",NaN,-7.5,-22.5,2.58,NaN,NaN,0,,"",NaN,-7.5,-22.5,1.89,"",NaN,0,,"",NaN,-7.5,-22.5,1.89,"",NaN,0,,"",NaN,-7.5,-22.5,1.89,"",NaN,0,,""
-7,-21,1.86,"",NaN,0,,"",NaN,-7,-21,1.86,"",NaN,0,,"",NaN,-7,-21,2.55,NaN,NaN,0,,"",NaN,-7,-21,2.55,NaN,NaN,0,,"",NaN,-7,-21,2.55,NaN,NaN,0,,"",NaN,-7,-21,1.86,"",NaN,0,,"",NaN,-7,-21,1.86,"",NaN,0,,"",NaN,-7,-21,1.86,"",NaN,0,,""
-6.5,-19.5,1.83,"",NaN,0,,"",NaN,-6.5,-19.5,1.83,"",NaN,0,,"",NaN,-6.5,-19.5,2.52,NaN,NaN,0,,"",NaN,-6.5,-19.5,2.52,NaN,NaN,0,,"",NaN,-6.5,-19.5,2.52,NaN,NaN,0,,"",NaN,-6.5,-19.5,1.83,"",NaN,0,,"",NaN,-6.5,-19.5,1.83,"",NaN,0,,"",NaN,-6.5,-19.5,1.83,"",NaN,0,,""
-6,-18,1.8,"",NaN,0,,"",NaN,-6,-18,1.8,"",NaN,0,,"",NaN,-6,-18,2.49,NaN,NaN,0,,"",NaN,-6,-18,2.49,NaN,NaN,0,,"",NaN,-6,-18,2.49,NaN,NaN,0,,"",NaN,-6,-18,1.8,"",NaN,0,,"",NaN,-6,-18,1.8,"",NaN,0,,"",NaN,-6,-18,1.8,"",NaN,0,,""
-5.5,-16.5,1.77,"",NaN,0,,"",NaN,-5.5,-16.5,1.77,"",NaN,0,,"",NaN,-5.5,-16.5,2.46,NaN,NaN,0,,"",NaN,-5.5,-16.5,2.46,NaN,NaN,0,,"",NaN,-5.5,-16.5,2.46,NaN,NaN,0,,"",NaN,-5.5,-16.5,1.77,"",NaN,0,,"",NaN,-5.5,-16.5,1.77,"",NaN,0,,"",NaN,-5.5,-16.5,1.77,"",NaN,0,,""
-5,-15,1.74,"",NaN,0,,"",NaN,-5,-15,1.74,"",NaN,0,,"",NaN,-5,-15,2.43,150.8125,155.25,4.4375,0.9964973623,"0",NaN,-5,-15,2.43,150.8125,155.25,4.4375,1,"0",NaN,-5,-15,2.43,150.8125,155.25,4.4375,1,"0",NaN,-5,-15,1.74,"",NaN,0,,"",NaN,-5,-15,1.74,"",NaN,0,,"",NaN,-5,-15,1.74,"",NaN,0,,""
-4.5,-13.5,1.71,"",NaN,0,,"",NaN,-4.5,-13.5,1.71,"",NaN,0,,"",NaN,-4.5,-13.5,2.4,NaN,NaN,0,,"",NaN,-4.5,-13.5,2.4,NaN,NaN,0,,"",NaN,-4.5,-13.5,2.4,NaN,NaN,0,,"",NaN,-4.5,-13.5,1.71,"",NaN,0,,"",NaN,-4.5,-13.5,1.71,"",NaN,0,,"",NaN,-4.5,-13.5,1.71,"",NaN,0,,""
-4,-12,1.68,"",NaN,0,,"",NaN,-4,-12,1.68,"",NaN,0,,"",NaN,-4,-12,2.37,NaN,NaN,0,,"",NaN,-4,-12,2.37,NaN,NaN,0,,"",NaN,-4,-12,2.37,NaN,NaN,0,,"",NaN,-4,-12,1.68,"",NaN,0,,"",NaN,-4,-12,1.68,"",NaN,0,,"",NaN,-4,-12,1.68,"",NaN,0,,""
-3.5,-10.5,1.65,"",NaN,0,,"",NaN,-3.5,-10.5,1.65,"",NaN,0,,"",NaN,-3.5,-10.5,2.34,NaN,NaN,0,,"",NaN,-3.5,-10.5,2.34,NaN,NaN,0,,"",NaN,-3.5,-10.5,2.34,NaN,NaN,0,,"",NaN,-3.5,-10.5,1.65,"",NaN,0,,"",NaN,-3.5,-10.5,1.65,"",NaN,0,,"",NaN,-3.5,-10.5,1.65,"",NaN,0,,""
-3,-9,1.62,"",NaN,0,,"",NaN,-3,-9,1.62,"",NaN,0,,"",NaN,-3,-9,2.31,NaN,NaN,0,,"",NaN,-3,-9,2.31,NaN,NaN,0,,"",NaN,-3,-9,2.31,NaN,NaN,0,,"",NaN,-3,-9,1.62,"",NaN,0,,"",NaN,-3,-9,1.62,"",NaN,0,,"",NaN,-3,-9,1.62,"",NaN,0,,""
-2.5,-7.5,1.59,"",NaN,0,,"",NaN,-2.5,-7.5,1.59,"",NaN,0,,"",NaN,-2.5,-7.5,2.28,NaN,NaN,0,,"",NaN,-2.5,-7.5,2.28,NaN,NaN,0,,"",NaN,-2.5,-7.5,2.28,NaN,NaN,0,,"",NaN,-2.5,-7.5,1.59,"",NaN,0,,"",NaN,-2.5,-7.5,1.59,"",NaN,0,,"",NaN,-2.5,-7.5,1.59,"",NaN,0,,""
-2,-6,1.56,"",NaN,0,,"",NaN,-2,-6,1.56,"",NaN,0,,"",NaN,-2,-6,2.25,NaN,NaN,0,,"",NaN,-2,-6,2.25,NaN,NaN,0,,"",NaN,-2,-6,2.25,NaN,NaN,0,,"",NaN,-2,-6,1.56,"",NaN,0,,"",NaN,-2,-6,1.56,"",NaN,0,,"",NaN,-2,-6,1.56,"",NaN,0,,""
-1.5,-4.5,1.53,"",NaN,0,,"",NaN,-1.5,-4.5,1.53,"",NaN,0,,"",NaN,-1.5,-4.5,2.22,NaN,NaN,0,,"",NaN,-1.5,-4.5,2.22,NaN,NaN,0,,"",NaN,-1.5,-4.5,2.22,NaN,NaN,0,,"",NaN,-1.5,-4.5,1.53,"",NaN,0,,"",NaN,-1.5,-4.5,1.53,"",NaN,0,,"",NaN,-1.5,-4.5,1.53,"",NaN,0,,""
-1,-3,1.5,"",NaN,0,,"",NaN,-1,-3,1.5,"",NaN,0,,"",NaN,-1,-3,2.19,NaN,NaN,0,,"",NaN,-1,-3,2.19,NaN,NaN,0,,"",NaN,-1,-3,2.19,NaN,NaN,0,,"",NaN,-1,-3,1.5,"",NaN,0,,"",NaN,-1,-3,1.5,"",NaN,0,,"",NaN,-1,-3,1.5,"",NaN,0,,""
-0.5,-1.5,1.47,"",NaN,0,,"",NaN,-0.5,-1.5,1.47,"",NaN,0,,"",NaN,-0.5,-1.5,2.16,NaN,NaN,0,,"",NaN,-0.5,-1.5,2.16,NaN,NaN,0,,"",NaN,-0.5,-1.5,2.16,NaN,NaN,0,,"",NaN,-0.5,-1.5,1.47,"",NaN,0,,"",NaN,-0.5,-1.5,1.47,"",NaN,0,,"",NaN,-0.5,-1.5,1.47,"",NaN,0,,""
0,0,1.44,"",NaN,0,,"",NaN,0,0,1.44,"",NaN,0,,"",NaN,0,0,2.13,150.8125,155.21875,4.40625,0.9929823694,"0",NaN,0,0,2.13,150.8125,155.25,4.4375,1,"0",NaN,0,0,2.13,150.8125,155.25,4.4375,1,"0",NaN,0,0,1.44,"",NaN,0,,"",NaN,0,0,1.44,"",NaN,0,,"",NaN,0,0,1.44,"",NaN,0,,""
0.5,1.5,1.41,"",NaN,0,,"",NaN,0.5,1.5,1.41,"",NaN,0,,"",NaN,0.5,1.5,2.1,NaN,NaN,0,,"",NaN,0.5,1.5,2.1,NaN,NaN,0,,"",NaN,0.5,1.5,2.1,NaN,NaN,0,,"",NaN,0.5,1.5,1.41,"",NaN,0,,"",NaN,0.5,1.5,1.41,"",NaN,0,,"",NaN,0.5,1.5,1.41,"",NaN,0,,""
1,3,1.38,"",NaN,0,,"",NaN,1,3,1.38,"",NaN,0,,"",NaN,1,3,2.07,NaN,NaN,0,,"",NaN,1,3,2.07,NaN,NaN,0,,"",NaN,1,3,2.07,NaN,NaN,0,,"",NaN,1,3,1.38,"",NaN,0,,"",NaN,1,3,1.38,"",NaN,0,,"",NaN,1,3,1.38,"",NaN,0,,""
1.5,4.5,1.35,"",NaN,0,,"",NaN,1.5,4.5,1.35,"",NaN,0,,"",NaN,1.5,4.5,2.04,NaN,NaN,0,,"",NaN,1.5,4.5,2.04,NaN,NaN,0,,"",NaN,1.5,4.5,2.04,NaN,NaN,0,,"",NaN,1.5,4.5,1.35,"",NaN,0,,"",NaN,1.5,4.5,1.35,"",NaN,0,,"",NaN,1.5,4.5,1.35,"",NaN,0,,""
2,6,1.32,"",NaN,0,,"",NaN,2,6,1.32,"",NaN,0,,"",NaN,2,6,2.01,NaN,NaN,0,,"",NaN,2,6,2.01,NaN,NaN,0,,"",NaN,2,6,2.01,NaN,NaN,0,,"",NaN,2,6,1.32,"",NaN,0,,"",NaN,2,6,1.32,"",NaN,0,,"",NaN,2,6,1.32,"",NaN,0,,""
2.5,7.5,1.29,"",NaN,0,,"",NaN,2.5,7.5,1.29,"",NaN,0,,"",NaN,2.5,7.5,1.98,NaN,NaN,0,,"",NaN,2.5,7.5,1.98,NaN,NaN,0,,"",NaN,2.5,7.5,1.98,NaN,NaN,0,,"",NaN,2.5,7.5,1.29,"",NaN,0,,"",NaN,2.5,7.5,1.29,"",NaN,0,,"",NaN,2.5,7.5,1.29,"",NaN,0,,""
3,9,1.26,"",NaN,0,,"",NaN,3,9,1.26,"",NaN,0,,"",NaN,3,9,1.95,NaN,NaN,0,,"",NaN,3,9,1.95,NaN,NaN,0,,"",NaN,3,9,1.95,NaN,NaN,0,,"",NaN,3,9,1.26,"",NaN,0,,"",NaN,3,9,1.26,"",NaN,0,,"",NaN,3,9,1.26,"",NaN,0,,""
3.5,10.5,1.23,"",NaN,0,,"",NaN,3.5,10.5,1.23,"",NaN,0,,"",NaN,3.5,10.5,1.92,NaN,NaN,0,,"",NaN,3.5,10.5,1.92,NaN,NaN,0,,"",NaN,3.5,10.5,1.92,NaN,NaN,0,,"",NaN,3.5,10.5,1.23,"",NaN,0,,"",NaN,3.5,10.5,1.23,"",NaN,0,,"",NaN,3.5,10.5,1.23,"",NaN,0,,""
4,12,1.2,"",NaN,0,,"",NaN,4,12,1.2,"",NaN,0,,"",NaN,4,12,1.89,NaN,NaN,0,,"",NaN,4,12,1.89,NaN,NaN,0,,"",NaN,4,12,1.89,NaN,NaN,0,,"",NaN,4,12,1.2,"",NaN,0,,"",NaN,4,12,1.2,"",NaN,0,,"",NaN,4,12,1.2,"",NaN,0,,""
4.5,13.5,1.17,"",NaN,0,,"",NaN,4.5,13.5,1.17,"",NaN,0,,"",NaN,4.5,13.5,1.86,NaN,NaN,0,,"",NaN,4.5,13.5,1.86,NaN,NaN,0,,"",NaN,4.5,13.5,1.86,NaN,NaN,0,,"",NaN,4.5,13.5,1.17,"",NaN,0,,"",NaN,4.5,13.5,1.17,"",NaN,0,,"",NaN,4.5,13.5,1.17,"",NaN,0,,""
5,15,1.14,"",NaN,0,,"",NaN,5,15,1.14,"",NaN,0,,"",NaN,5,15,1.83,150.8125,155.25,4.4375,0.9964973623,"0",NaN,5,15,1.83,150.84375,155.21875,4.375,0.9929327736,"0",NaN,5,15,1.83,150.84375,155.25,4.40625,0.9964726521,"0",NaN,5,15,1.14,"",NaN,0,,"",NaN,5,15,1.14,"",NaN,0,,"",NaN,5,15,1.14,"",NaN,0,,""
5.5,16.5,1.11,"",NaN,0,,"",NaN,5.5,16.5,1.11,"",NaN,0,,"",NaN,5.5,16.5,1.8,NaN,NaN,0,,"",NaN,5.5,16.5,1.8,NaN,NaN,0,,"",NaN,5.5,16.5,1.8,NaN,NaN,0,,"",NaN,5.5,16.5,1.11,"",NaN,0,,"",NaN,5.5,16.5,1.11,"",NaN,0,,"",NaN,5.5,16.5,1.11,"",NaN,0,,""
6,18,1.08,"",NaN,0,,"",NaN,6,18,1.08,"",NaN,0,,"",NaN,6,18,1.77,NaN,NaN,0,,"",NaN,6,18,1.77,NaN,NaN,0,,"",NaN,6,18,1.77,NaN,NaN,0,,"",NaN,6,18,1.08,"",NaN,0,,"",NaN,6,18,1.08,"",NaN,0,,"",NaN,6,18,1.08,"",NaN,0,,""
6.5,19.5,1.05,"",NaN,0,,"",NaN,6.5,19.5,1.05,"",NaN,0,,"",NaN,6.5,19.5,1.74,NaN,NaN,0,,"",NaN,6.5,19.5,1.74,NaN,NaN,0,,"",NaN,6.5,19.5,1.74,NaN,NaN,0,,"",NaN,6.5,19.5,1.05,"",NaN,0,,"",NaN,6.5,19.5,1.05,"",NaN,0,,"",NaN,6.5,19.5,1.05,"",NaN,0,,""
7,21,1.02,"",NaN,0,,"",NaN,7,21,1.02,"",NaN,0,,"",NaN,7,21,1.71,NaN,NaN,0,,"",NaN,7,21,1.71,NaN,NaN,0,,"",NaN,7,21,1.71,NaN,NaN,0,,"",NaN,7,21,1.02,"",NaN,0,,"",NaN,7,21,1.02,"",NaN,0,,"",NaN,7,21,1.02,"",NaN,0,,""
7.5,22.5,0.99,"",NaN,0,,"",NaN,7.5,22.5,0.99,"",NaN,0,,"",NaN,7.5,22.5,1.68,NaN,NaN,0,,"",NaN,7.5,22.5,1.68,NaN,NaN,0,,"",NaN,7.5,22.5,1.68,NaN,NaN,0,,"",NaN,7.5,22.5,0.99,"",NaN,0,,"",NaN,7.5,22.5,0.99,"",NaN,0,,"",NaN,7.5,22.5,0.99,"",NaN,0,,""
8,24,0.96,"",NaN,0,,"",NaN,8,24,0.96,"",NaN,0,,"",NaN,8,24,1.65,NaN,NaN,0,,"",NaN,8,24,1.65,NaN,NaN,0,,"",NaN,8,24,1.65,NaN,NaN,0,,"",NaN,8,24,0.96,"",NaN,0,,"",NaN,8,24,0.96,"",NaN,0,,"",NaN,8,24,0.96,"",NaN,0,,""
8.5,25.5,0.93,"",NaN,0,,"",NaN,8.5,25.5,0.93,"",NaN,0,,"",NaN,8.5,25.5,1.62,NaN,NaN,0,,"",NaN,8.5,25.5,1.62,NaN,NaN,0,,"",NaN,8.5,25.5,1.62,NaN,NaN,0,,"",NaN,8.5,25.5,0.93,"",NaN,0,,"",NaN,8.5,25.5,0.93,"",NaN,0,,"",NaN,8.5,25.5,0.93,"",NaN,0,,""
9,27,0.9,"",NaN,0,,"",NaN,9,27,0.9,"",NaN,0,,"",NaN,9,27,1.59,NaN,NaN,0,,"",NaN,9,27,1.59,NaN,NaN,0,,"",NaN,9,27,1.59,NaN,NaN,0,,"",NaN,9,27,0.9,"",NaN,0,,"",NaN,9,27,0.9,"",NaN,0,,"",NaN,9,27,0.9,"",NaN,0,,""
9.5,28.5,0.87,"",NaN,0,,"",NaN,9.5,28.5,0.87,"",NaN,0,,"",NaN,9.5,28.5,1.56,NaN,NaN,0,,"",NaN,9.5,28.5,1.56,NaN,NaN,0,,"",NaN,9.5,28.5,1.56,NaN,NaN,0,,"",NaN,9.5,28.5,0.87,"",NaN,0,,"",NaN,9.5,28.5,0.87,"",NaN,0,,"",NaN,9.5,28.5,0.87,"",NaN,0,,""
10,30,0.84,"",NaN,0,,"",NaN,10,30,0.84,"",NaN,0,,"",NaN,10,30,1.53,150.8125,155.21875,4.40625,0.9929823694,"0",NaN,10,30,1.53,150.84375,155.21875,4.375,0.9929327736,"0",NaN,10,30,1.53,150.84375,155.21875,4.375,0.9929327736,"0",NaN,10,30,0.84,"",NaN,0,,"",NaN,10,30,0.84,"",NaN,0,,"",NaN,10,30,0.84,"",NaN,0,,""
10.5,31.5,0.81,"",NaN,0,,"",NaN,10.5,31.5,0.81,"",NaN,0,,"",NaN,10.5,31.5,1.5,NaN,NaN,0,,"",NaN,10.5,31.5,1.5,NaN,NaN,0,,"",NaN,10.5,31.5,1.5,NaN,NaN,0,,"",NaN,10.5,31.5,0.81,"",NaN,0,,"",NaN,10.5,31.5,0.81,"",NaN,0,,"",NaN,10.5,31.5,0.81,"",NaN,0,,""
11,33,0.78,"",NaN,0,,"",NaN,11,33,0.78,"",NaN,0,,"",NaN,11,33,1.47,NaN,NaN,0,,"",NaN,11,33,1.47,NaN,NaN,0,,"",NaN,11,33,1.47,150.84375,155.21875,4.375,0.9929327736,"0",NaN,11,33,0.78,"",NaN,0,,"",NaN,11,33,0.78,"",NaN,0,,"",NaN,11,33,0.78,"",NaN,0,,""
11.5,34.5,0.75,"",NaN,0,,"",NaN,11.5,34.5,0.75,"",NaN,0,,"",NaN,11.5,34.5,1.44,NaN,NaN,0,,"",NaN,11.5,34.5,1.44,NaN,NaN,0,,"",NaN,11.5,34.5,1.44,NaN,NaN,0,,"",NaN,11.5,34.5,0.75,"",NaN,0,,"",NaN,11.5,34.5,0.75,"",NaN,0,,"",NaN,11.5,34.5,0.75,"",NaN,0,,""
12,36,0.72,"",NaN,0,,"",NaN,12,36,0.72,"",NaN,0,,"",NaN,12,36,1.41,NaN,NaN,0,,"",NaN,12,36,1.41,NaN,NaN,0,,"",NaN,12,36,1.41,150.84375,155.21875,4.375,0.9929327736,"0",NaN,12,36,0.72,"",NaN,0,,"",NaN,12,36,0.72,"",NaN,0,,"",NaN,12,36,0.72,"",NaN,0,,""
12.5,37.5,0.69,"",NaN,0,,"",NaN,12.5,37.5,0.69,"",NaN,0,,"",NaN,12.5,37.5,1.38,NaN,NaN,0,,"",NaN,12.5,37.5,1.38,NaN,NaN,0,,"",NaN,12.5,37.5,1.38,NaN,NaN,0,,"",NaN,12.5,37.5,0.69,"",NaN,0,,"",NaN,12.5,37.5,0.69,"",NaN,0,,"",NaN,12.5,37.5,0.69,"",NaN,0,,""
13,39,0.66,"",NaN,0,,"",NaN,13,39,0.66,"",NaN,0,,"",NaN,13,39,1.35,NaN,NaN,0,,"",NaN,13,39,1.35,NaN,NaN,0,,"",NaN,13,39,1.35,150.84375,155.21875,4.375,0.9929327736,"0",NaN,13,39,0.66,"",NaN,0,,"",NaN,13,39,0.66,"",NaN,0,,"",NaN,13,39,0.66,"",NaN,0,,""
13.5,40.5,0.63,"",NaN,0,,"",NaN,13.5,40.5,0.63,"",NaN,0,,"",NaN,13.5,40.5,1.32,NaN,NaN,0,,"",NaN,13.5,40.5,1.32,NaN,NaN,0,,"",NaN,13.5,40.5,1.32,NaN,NaN,0,,"",NaN,13.5,40.5,0.63,"",NaN,0,,"",NaN,13.5,40.5,0.63,"",NaN,0,,"",NaN,13.5,40.5,0.63,"",NaN,0,,""
14,42,0.6,"",NaN,0,,"",NaN,14,42,0.6,"",NaN,0,,"",NaN,14,42,1.29,NaN,NaN,0,,"",NaN,14,42,1.29,NaN,NaN,0,,"",NaN,14,42,1.29,150.84375,155.21875,4.375,0.9929327736,"0",NaN,14,42,0.6,"",NaN,0,,"",NaN,14,42,0.6,"",NaN,0,,"",NaN,14,42,0.6,"",NaN,0,,""
14.5,43.5,0.57,"",NaN,0,,"",NaN,14.5,43.5,0.57,"",NaN,0,,"",NaN,14.5,43.5,1.26,NaN,NaN,0,,"",NaN,14.5,43.5,1.26,NaN,NaN,0,,"",NaN,14.5,43.5,1.26,NaN,NaN,0,,"",NaN,14.5,43.5,0.57,"",NaN,0,,"",NaN,14.5,43.5,0.57,"",NaN,0,,"",NaN,14.5,43.5,0.57,"",NaN,0,,""
15,45,0.54,"",NaN,0,,"",NaN,15,45,0.54,"",NaN,0,,"",NaN,15,45,1.23,150.84375,155.21875,4.375,0.9894548898,"0",NaN,15,45,1.23,150.84375,155.1875,4.34375,0.98938023,"0",NaN,15,45,1.23,150.84375,155.21875,4.375,0.9929327736,"0",NaN,15,45,0.54,"",NaN,0,,"",NaN,15,45,0.54,"",NaN,0,,"",NaN,15,45,0.54,"",NaN,0,,""
15.5,46.5,0.51,"",NaN,0,,"",NaN,15.5,46.5,0.51,"",NaN,0,,"",NaN,15.5,46.5,1.2,NaN,NaN,0,,"",NaN,15.5,46.5,1.2,NaN,NaN,0,,"",NaN,15.5,46.5,1.2,NaN,NaN,0,,"",NaN,15.5,46.5,0.51,"",NaN,0,,"",NaN,15.5,46.5,0.51,"",NaN,0,,"",NaN,15.5,46.5,0.51,"",NaN,0,,""
16,48,0.48,"",NaN,0,,"",NaN,16,48,0.48,"",NaN,0,,"",NaN,16,48,1.17,150.84375,155.21875,4.375,0.9894548898,"0",NaN,16,48,1.17,150.84375,155.1875,4.34375,0.98938023,"0",NaN,16,48,1.17,150.84375,155.21875,4.375,0.9929327736,"0",NaN,16,48,0.48,"",NaN,0,,"",NaN,16,48,0.48,"",NaN,0,,"",NaN,16,48,0.48,"",NaN,0,,""
16.5,49.5,0.45,"",NaN,0,,"",NaN,16.5,49.5,0.45,"",NaN,0,,"",NaN,16.5,49.5,1.14,NaN,NaN,0,,"",NaN,16.5,49.5,1.14,NaN,NaN,0,,"",NaN,16.5,49.5,1.14,NaN,NaN,0,,"",NaN,16.5,49.5,0.45,"",NaN,0,,"",NaN,16.5,49.5,0.45,"",NaN,0,,"",NaN,16.5,49.5,0.45,"",NaN,0,,""
17,51,0.42,"",NaN,0,,"",NaN,17,51,0.42,"",NaN,0,,"",NaN,17,51,1.11,150.84375,155.21875,4.375,0.9894548898,"0",NaN,17,51,1.11,150.84375,155.1875,4.34375,0.98938023,"0",NaN,17,51,1.11,150.84375,155.21875,4.375,0.9929327736,"0",NaN,17,51,0.42,"",NaN,0,,"",NaN,17,51,0.42,"",NaN,0,,"",NaN,17,51,0.42,"",NaN,0,,""
17.5,52.5,0.39,"",NaN,0,,"",NaN,17.5,52.5,0.39,"",NaN,0,,"",NaN,17.5,52.5,1.08,NaN,NaN,0,,"",NaN,17.5,52.5,1.08,NaN,NaN,0,,"",NaN,17.5,52.5,1.08,NaN,NaN,0,,"",NaN,17.5,52.5,0.39,"",NaN,0,,"",NaN,17.5,52.5,0.39,"",NaN,0,,"",NaN,17.5,52.5,0.39,"",NaN,0,,""
18,54,0.36,"",NaN,0,,"",NaN,18,54,0.36,"",NaN,0,,"",NaN,18,54,1.05,150.84375,155.1875,4.34375,0.9859147894,"0",NaN,18,54,1.05,150.84375,155.1875,4.34375,0.98938023,"0",NaN,18,54,1.05,150.84375,155.1875,4.34375,0.98938023,"0",NaN,18,54,0.36,"",NaN,0,,"",NaN,18,54,0.36,"",NaN,0,,"",NaN,18,54,0.36,"",NaN,0,,""
18.5,55.5,0.33,"",NaN,0,,"",NaN,18.5,55.5,0.33,"",NaN,0,,"",NaN,18.5,55.5,1.02,NaN,NaN,0,,"",NaN,18.5,55.5,1.02,NaN,NaN,0,,"",NaN,18.5,55.5,1.02,NaN,NaN,0,,"",NaN,18.5,55.5,0.33,"",NaN,0,,"",NaN,18.5,55.5,0.33,"",NaN,0,,"",NaN,18.5,55.5,0.33,"",NaN,0,,""
19,57,0.3,"",NaN,0,,"",NaN,19,57,0.3,"",NaN,0,,"",NaN,19,57,0.99,150.84375,155.1875,4.34375,0.9859147894,"0",NaN,19,57,0.99,150.875,155.1875,4.3125,0.9858148842,"0",NaN,19,57,0.99,150.84375,155.1875,4.34375,0.98938023,"0",NaN,19,57,0.3,"",NaN,0,,"",NaN,19,57,0.3,"",NaN,0,,"",NaN,19,57,0.3,"",NaN,0,,""
19.5,58.5,0.27,"",NaN,0,,"",NaN,19.5,58.5,0.27,"",NaN,0,,"",NaN,19.5,58.5,0.96,NaN,NaN,0,,"",NaN,19.5,58.5,0.96,NaN,NaN,0,,"",NaN,19.5,58.5,0.96,NaN,NaN,0,,"",NaN,19.5,58.5,0.27,"",NaN,0,,"",NaN,19.5,58.5,0.27,"",NaN,0,,"",NaN,19.5,58.5,0.27,"",NaN,0,,""
20,60,0.24,"",NaN,0,,"",NaN,20,60,0.24,"",NaN,0,,"",NaN,20,60,0.93,150.84375,155.1875,4.34375,0.9859147894,"0",NaN,20,60,0.93,150.875,155.1875,4.3125,0.9858148842,"0",NaN,20,60,0.93,150.84375,155.1875,4.34375,0.98938023,"0",NaN,20,60,0.24,"",NaN,0,,"",NaN,20,60,0.24,"",NaN,0,,"",NaN,20,60,0.24,"",NaN,0,,""
20.5,61.5,0.21,"",NaN,0,,"",NaN,20.5,61.5,0.21,"",NaN,0,,"",NaN,20.5,61.5,0.9,NaN,NaN,0,,"",NaN,20.5,61.5,0.9,NaN,NaN,0,,"",NaN,20.5,61.5,0.9,NaN,NaN,0,,"",NaN,20.5,61.5,0.21,"",NaN,0,,"",NaN,20.5,61.5,0.21,"",NaN,0,,"",NaN,20.5,61.5,0.21,"",NaN,0,,""
21,63,0.18,"",NaN,0,,"",NaN,21,63,0.18,"",NaN,0,,"",NaN,21,63,0.87,150.84375,155.1875,4.34375,0.9859147894,"0",NaN,21,63,0.87,150.875,155.1875,4.3125,0.9858148842,"0",NaN,21,63,0.87,150.84375,155.1875,4.34375,0.98938023,"0",NaN,21,63,0.18,"",NaN,0,,"",NaN,21,63,0.18,"",NaN,0,,"",NaN,21,63,0.18,"",NaN,0,,""
21.5,64.5,0.15,"",NaN,0,,"",NaN,21.5,64.5,0.15,"",NaN,0,,"",NaN,21.5,64.5,0.84,NaN,NaN,0,,"",NaN,21.5,64.5,0.84,NaN,NaN,0,,"",NaN,21.5,64.5,0.84,NaN,NaN,0,,"",NaN,21.5,64.5,0.15,"",NaN,0,,"",NaN,21.5,64.5,0.15,"",NaN,0,,"",NaN,21.5,64.5,0.15,"",NaN,0,,""
22,66,0.12,"",NaN,0,,"",NaN,22,66,0.12,"",NaN,0,,"",NaN,22,66,0.81,150.84375,155.1875,4.34375,0.9859147894,"0",NaN,22,66,0.81,150.875,155.1875,4.3125,0.9858148842,"0",NaN,22,66,0.81,150.84375,155.1875,4.34375,0.98938023,"0",NaN,22,66,0.12,"",NaN,0,,"",NaN,22,66,0.12,"",NaN,0,,"",NaN,22,66,0.12,"",NaN,0,,""
22.5,67.5,0.09,"",NaN,0,,"",NaN,22.5,67.5,0.09,"",NaN,0,,"",NaN,22.5,67.5,0.78,NaN,NaN,0,,"",NaN,22.5,67.5,0.78,NaN,NaN,0,,"",NaN,22.5,67.5,0.78,NaN,NaN,0,,"",NaN,22.5,67.5,0.09,"",NaN,0,,"",NaN,22.5,67.5,0.09,"",NaN,0,,"",NaN,22.5,67.5,0.09,"",NaN,0,,""
23,69,0.06,"",NaN,0,,"",NaN,23,69,0.06,"",NaN,0,,"",NaN,23,69,0.75,150.84375,155.1875,4.34375,0.9859147894,"0",NaN,23,69,0.75,150.875,155.1875,4.3125,0.9858148842,"0",NaN,23,69,0.75,150.84375,155.1875,4.34375,0.98938023,"0",NaN,23,69,0.06,"",NaN,0,,"",NaN,23,69,0.06,"",NaN,0,,"",NaN,23,69,0.06,"",NaN,0,,""
23.5,70.5,0.03,"",NaN,0,,"",NaN,23.5,70.5,0.03,"",NaN,0,,"",NaN,23.5,70.5,0.72,NaN,NaN,0,,"",NaN,23.5,70.5,0.72,NaN,NaN,0,,"",NaN,23.5,70.5,0.72,NaN,NaN,0,,"",NaN,23.5,70.5,0.03,"",NaN,0,,"",NaN,23.5,70.5,0.03,"",NaN,0,,"",NaN,23.5,70.5,0.03,"",NaN,0,,""
24,72,0,"",NaN,0,,"0",NaN,24,72,0,"",NaN,0,,"0",NaN,24,72,0.69,150.84375,155.1875,4.34375,0.9859147894,"0",NaN,24,72,0.69,150.875,155.1875,4.3125,0.9858148842,"0",NaN,24,72,0.69,150.84375,155.1875,4.34375,0.98938023,"0",NaN,24,72,0,"",NaN,0,,"0",NaN,24,72,0,"",NaN,0,,"0",NaN,24,72,0,"",NaN,0,,"0"
24.5,73.5,-0.03,"",NaN,0,,"",NaN,24.5,73.5,-0.03,"",NaN,0,,"",NaN,24.5,73.5,0.66,NaN,NaN,0,,"",NaN,24.5,73.5,0.66,NaN,NaN,0,,"",NaN,24.5,73.5,0.66,NaN,NaN,0,,"",NaN,24.5,73.5,-0.03,"",NaN,0,,"",NaN,24.5,73.5,-0.03,"",NaN,0,,"",NaN,24.5,73.5,-0.03,"",NaN,0,,""
25,75,-0.06,"",NaN,0,,"",NaN,25,75,-0.06,"",NaN,0,,"",NaN,25,75,0.63,150.84375,155.1875,4.34375,0.9859147894,"0",NaN,25,75,0.63,150.875,155.1875,4.3125,0.9858148842,"0",NaN,25,75,0.63,150.84375,155.1875,4.34375,0.98938023,"0",NaN,25,75,-0.06,"",NaN,0,,"",NaN,25,75,-0.06,"",NaN,0,,"",NaN,25,75,-0.06,"",NaN,0,,""
25.5,76.5,-0.09,"",NaN,0,,"",NaN,25.5,76.5,-0.09,"",NaN,0,,"",NaN,25.5,76.5,0.6,NaN,NaN,0,,"",NaN,25.5,76.5,0.6,NaN,NaN,0,,"",NaN,25.5,76.5,0.6,NaN,NaN,0,,"",NaN,25.5,76.5,-0.09,"",NaN,0,,"",NaN,25.5,76.5,-0.09,"",NaN,0,,"",NaN,25.5,76.5,-0.09,"",NaN,0,,""
26,78,-0.12,"",NaN,0,,"",NaN,26,78,-0.12,"",NaN,0,,"",NaN,26,78,0.57,150.84375,155.1875,4.34375,0.9859147894,"0",NaN,26,78,0.57,150.875,155.1875,4.3125,0.9858148842,"0",NaN,26,78,0.57,150.84375,155.1875,4.34375,0.98938023,"0",NaN,26,78,-0.12,"",NaN,0,,"",NaN,26,78,-0.12,"",NaN,0,,"",NaN,26,78,-0.12,"",NaN,0,,""
26.5,79.5,-0.15,"",NaN,0,,"",NaN,26.5,79.5,-0.15,"",NaN,0,,"",NaN,26.5,79.5,0.54,NaN,NaN,0,,"",NaN,26.5,79.5,0.54,NaN,NaN,0,,"",NaN,26.5,79.5,0.54,NaN,NaN,0,,"",NaN,26.5,79.5,-0.15,"",NaN,0,,"",NaN,26.5,79.5,-0.15,"",NaN,0,,"",NaN,26.5,79.5,-0.15,"",NaN,0,,""
27,81,-0.18,"",NaN,0,,"",NaN,27,81,-0.18,"",NaN,0,,"",NaN,27,81,0.51,150.84375,155.1875,4.34375,0.9859147894,"0",NaN,27,81,0.51,150.875,155.1875,4.3125,0.9858148842,"0",NaN,27,81,0.51,150.875,155.1875,4.3125,0.9858148842,"0",NaN,27,81,-0.18,"",NaN,0,,"",NaN,27,81,-0.18,"",NaN,0,,"",NaN,27,81,-0.18,"",NaN,0,,""
27.5,82.5,-0.21,"",NaN,0,,"",NaN,27.5,82.5,-0.21,"",NaN,0,,"",NaN,27.5,82.5,0.48,NaN,NaN,0,,"",NaN,27.5,82.5,0.48,NaN,NaN,0,,"",NaN,27.5,82.5,0.48,NaN,NaN,0,,"",NaN,27.5,82.5,-0.21,"",NaN,0,,"",NaN,27.5,82.5,-0.21,"",NaN,0,,"",NaN,27.5,82.5,-0.21,"",NaN,0,,""
28,84,-0.24,"",NaN,0,,"",NaN,28,84,-0.24,"",NaN,0,,"",NaN,28,84,0.45,150.84375,155.1875,4.34375,0.9859147894,"0",NaN,28,84,0.45,150.875,155.1875,4.3125,0.9858148842,"0",NaN,28,84,0.45,150.875,155.1875,4.3125,0.9858148842,"0",NaN,28,84,-0.24,"",NaN,0,,"",NaN,28,84,-0.24,"",NaN,0,,"",NaN,28,84,-0.24,"",NaN,0,,""
28.5,85.5,-0.27,"",NaN,0,,"",NaN,28.5,85.5,-0.27,"",NaN,0,,"",NaN,28.5,85.5,0.42,NaN,NaN,0,,"",NaN,28.5,85.5,0.42,NaN,NaN,0,,"",NaN,28.5,85.5,0.42,NaN,NaN,0,,"",NaN,28.5,85.5,-0.27,"",NaN,0,,"",NaN,28.5,85.5,-0.27,"",NaN,0,,"",NaN,28.5,85.5,-0.27,"",NaN,0,,""
29,87,-0.3,"",NaN,0,,"",NaN,29,87,-0.3,"",NaN,0,,"",NaN,29,87,0.39,150.84375,155.1875,4.34375,0.9859147894,"0",NaN,29,87,0.39,150.875,155.1875,4.3125,0.9858148842,"0",NaN,29,87,0.39,150.84375,155.1875,4.34375,0.98938023,"0",NaN,29,87,-0.3,"",NaN,0,,"",NaN,29,87,-0.3,"",NaN,0,,"",NaN,29,87,-0.3,"",NaN,0,,""
29.5,88.5,-0.33,"",NaN,0,,"",NaN,29.5,88.5,-0.33,"",NaN,0,,"",NaN,29.5,88.5,0.36,NaN,NaN,0,,"",NaN,29.5,88.5,0.36,NaN,NaN,0,,"",NaN,29.5,88.5,0.36,NaN,NaN,0,,"",NaN,29.5,88.5,-0.33,"",NaN,0,,"",NaN,29.5,88.5,-0.33,"",NaN,0,,"",NaN,29.5,88.5,-0.33,"",NaN,0,,""
30,90,-0.36,"",NaN,0,,"",NaN,30,90,-0.36,"",NaN,0,,"",NaN,30,90,0.33,150.84375,155.1875,4.34375,0.9859147894,"0",NaN,30,90,0.33,150.875,155.1875,4.3125,0.9858148842,"0",NaN,30,90,0.33,150.84375,155.1875,4.34375,0.98938023,"0",NaN,30,90,-0.36,"",NaN,0,,"",NaN,30,90,-0.36,"",NaN,0,,"",NaN,30,90,-0.36,"",NaN,0,,""
30.5,91.5,-0.39,"",NaN,0,,"",NaN,30.5,91.5,-0.39,"",NaN,0,,"",NaN,30.5,91.5,0.3,NaN,NaN,0,,"",NaN,30.5,91.5,0.3,NaN,NaN,0,,"",NaN,30.5,91.5,0.3,NaN,NaN,0,,"",NaN,30.5,91.5,-0.39,"",NaN,0,,"",NaN,30.5,91.5,-0.39,"",NaN,0,,"",NaN,30.5,91.5,-0.39,"",NaN,0,,""
31,93,-0.42,"",NaN,0,,"",NaN,31,93,-0.42,"",NaN,0,,"",NaN,31,93,0.27,150.84375,155.1875,4.34375,0.9859147894,"0",NaN,31,93,0.27,150.875,155.1875,4.3125,0.9858148842,"0",NaN,31,93,0.27,150.84375,155.1875,4.34375,0.98938023,"0",NaN,31,93,-0.42,"",NaN,0,,"",NaN,31,93,-0.42,"",NaN,0,,"",NaN,31,93,-0.42,"",NaN,0,,""
31.5,94.5,-0.45,"",NaN,0,,"",NaN,31.5,94.5,-0.45,"",NaN,0,,"",NaN,31.5,94.5,0.24,NaN,NaN,0,,"",NaN,31.5,94.5,0.24,NaN,NaN,0,,"",NaN,31.5,94.5,0.24,NaN,NaN,0,,"",NaN,31.5,94.5,-0.45,"",NaN,0,,"",NaN,31.5,94.5,-0.45,"",NaN,0,,"",NaN,31.5,94.5,-0.45,"",NaN,0,,""
32,96,-0.48,"",NaN,0,,"",NaN,32,96,-0.48,"",NaN,0,,"",NaN,32,96,0.21,150.84375,155.1875,4.34375,0.9859147894,"0",NaN,32,96,0.21,150.875,155.1875,4.3125,0.9858148842,"0",NaN,32,96,0.21,150.84375,155.1875,4.34375,0.98938023,"0",NaN,32,96,-0.48,"",NaN,0,,"",NaN,32,96,-0.48,"",NaN,0,,"",NaN,32,96,-0.48,"",NaN,0,,""
32.5,97.5,-0.51,"",NaN,0,,"",NaN,32.5,97.5,-0.51,"",NaN,0,,"",NaN,32.5,97.5,0.18,NaN,NaN,0,,"",NaN,32.5,97.5,0.18,NaN,NaN,0,,"",NaN,32.5,97.5,0.18,NaN,NaN,0,,"",NaN,32.5,97.5,-0.51,"",NaN,0,,"",NaN,32.5,97.5,-0.51,"",NaN,0,,"",NaN,32.5,97.5,-0.51,"",NaN,0,,""
33,99,-0.54,"",NaN,0,,"",NaN,33,99,-0.54,"",NaN,0,,"",NaN,33,99,0.15,150.84375,155.1875,4.34375,0.9859147894,"0",NaN,33,99,0.15,150.875,155.1875,4.3125,0.9858148842,"0",NaN,33,99,0.15,150.84375,155.21875,4.375,0.9929327736,"0",NaN,33,99,-0.54,"",NaN,0,,"",NaN,33,99,-0.54,"",NaN,0,,"",NaN,33,99,-0.54,"",NaN,0,,""
33.5,100.5,-0.57,"",NaN,0,,"",NaN,33.5,100.5,-0.57,"",NaN,0,,"",NaN,33.5,100.5,0.12,NaN,NaN,0,,"",NaN,33.5,100.5,0.12,NaN,NaN,0,,"",NaN,33.5,100.5,0.12,NaN,NaN,0,,"",NaN,33.5,100.5,-0.57,"",NaN,0,,"",NaN,33.5,100.5,-0.57,"",NaN,0,,"",NaN,33.5,100.5,-0.57,"",NaN,0,,""
34,102,-0.6,"",NaN,0,,"",NaN,34,102,-0.6,"",NaN,0,,"",NaN,34,102,0.09,150.84375,155.1875,4.34375,0.9859147894,"0",NaN,34,102,0.09,150.875,155.1875,4.3125,0.9858148842,"0",NaN,34,102,0.09,150.84375,155.21875,4.375,0.9929327736,"0",NaN,34,102,-0.6,"",NaN,0,,"",NaN,34,102,-0.6,"",NaN,0,,"",NaN,34,102,-0.6,"",NaN,0,,""
34.5,103.5,-0.63,"",NaN,0,,"",NaN,34.5,103.5,-0.63,"",NaN,0,,"",NaN,34.5,103.5,0.06,NaN,NaN,0,,"",NaN,34.5,103.5,0.06,NaN,NaN,0,,"",NaN,34.5,103.5,0.06,NaN,NaN,0,,"",NaN,34.5,103.5,-0.63,"",NaN,0,,"",NaN,34.5,103.5,-0.63,"",NaN,0,,"",NaN,34.5,103.5,-0.63,"",NaN,0,,""
35,105,-0.66,"",NaN,0,,"",NaN,35,105,-0.66,"",NaN,0,,"",NaN,35,105,0.03,150.84375,155.1875,4.34375,0.9859147894,"0",NaN,35,105,0.03,150.875,155.1875,4.3125,0.9858148842,"0",NaN,35,105,0.03,150.84375,155.21875,4.375,0.9929327736,"0",NaN,35,105,-0.66,"",NaN,0,,"",NaN,35,105,-0.66,"",NaN,0,,"",NaN,35,105,-0.66,"",NaN,0,,""
35.5,106.5,-0.69,"",NaN,0,,"",NaN,35.5,106.5,-0.69,"",NaN,0,,"",NaN,35.5,106.5,0,NaN,NaN,0,,"0",NaN,35.5,106.5,0,NaN,NaN,0,,"0",NaN,35.5,106.5,0,NaN,NaN,0,,"0",NaN,35.5,106.5,-0.69,"",NaN,0,,"",NaN,35.5,106.5,-0.69,"",NaN,0,,"",NaN,35.5,106.5,-0.69,"",NaN,0,,""
36,108,-0.72,"",NaN,0,,"",NaN,36,108,-0.72,"",NaN,0,,"",NaN,36,108,-0.03,NaN,NaN,0,,"",NaN,36,108,-0.03,NaN,NaN,0,,"",NaN,36,108,-0.03,150.84375,155.21875,4.375,0.9929327736,"0",NaN,36,108,-0.72,"",NaN,0,,"",NaN,36,108,-0.72,"",NaN,0,,"",NaN,36,108,-0.72,"",NaN,0,,""
36.5,109.5,-0.75,"",NaN,0,,"",NaN,36.5,109.5,-0.75,"",NaN,0,,"",NaN,36.5,109.5,-0.06,NaN,NaN,0,,"",NaN,36.5,109.5,-0.06,NaN,NaN,0,,"",NaN,36.5,109.5,-0.06,NaN,NaN,0,,"",NaN,36.5,109.5,-0.75,"",NaN,0,,"",NaN,36.5,109.5,-0.75,"",NaN,0,,"",NaN,36.5,109.5,-0.75,"",NaN,0,,""
37,111,-0.78,"",NaN,0,,"",NaN,37,111,-0.78,"",NaN,0,,"",NaN,37,111,-0.09,NaN,NaN,0,,"",NaN,37,111,-0.09,NaN,NaN,0,,"",NaN,37,111,-0.09,150.84375,155.21875,4.375,0.9929327736,"0",NaN,37,111,-0.78,"",NaN,0,,"",NaN,37,111,-0.78,"",NaN,0,,"",NaN,37,111,-0.78,"",NaN,0,,""
37.5,112.5,-0.81,"",NaN,0,,"",NaN,37.5,112.5,-0.81,"",NaN,0,,"",NaN,37.5,112.5,-0.12,NaN,NaN,0,,"",NaN,37.5,112.5,-0.12,NaN,NaN,0,,"",NaN,37.5,112.5,-0.12,NaN,NaN,0,,"",NaN,37.5,112.5,-0.81,"",NaN,0,,"",NaN,37.5,112.5,-0.81,"",NaN,0,,"",NaN,37.5,112.5,-0.81,"",NaN,0,,""
38,114,-0.84,"",NaN,0,,"",NaN,38,114,-0.84,"",NaN,0,,"",NaN,38,114,-0.15,NaN,NaN,0,,"",NaN,38,114,-0.15,NaN,NaN,0,,"",NaN,38,114,-0.15,150.84375,155.21875,4.375,0.9929327736,"0",NaN,38,114,-0.84,"",NaN,0,,"",NaN,38,114,-0.84,"",NaN,0,,"",NaN,38,114,-0.84,"",NaN,0,,""
38.5,115.5,-0.87,"",NaN,0,,"",NaN,38.5,115.5,-0.87,"",NaN,0,,"",NaN,38.5,115.5,-0.18,NaN,NaN,0,,"",NaN,38.5,115.5,-0.18,NaN,NaN,0,,"",NaN,38.5,115.5,-0.18,NaN,NaN,0,,"",NaN,38.5,115.5,-0.87,"",NaN,0,,"",NaN,38.5,115.5,-0.87,"",NaN,0,,"",NaN,38.5,115.5,-0.87,"",NaN,0,,""
39,117,-0.9,"",NaN,0,,"",NaN,39,117,-0.9,"",NaN,0,,"",NaN,39,117,-0.21,NaN,NaN,0,,"",NaN,39,117,-0.21,NaN,NaN,0,,"",NaN,39,117,-0.21,150.8125,155.21875,4.40625,0.9964726521,"0",NaN,39,117,-0.9,"",NaN,0,,"",NaN,39,117,-0.9,"",NaN,0,,"",NaN,39,117,-0.9,"",NaN,0,,""
39.5,118.5,-0.93,"",NaN,0,,"",NaN,39.5,118.5,-0.93,"",NaN,0,,"",NaN,39.5,118.5,-0.24,NaN,NaN,0,,"",NaN,39.5,118.5,-0.24,NaN,NaN,0,,"",NaN,39.5,118.5,-0.24,NaN,NaN,0,,"",NaN,39.5,118.5,-0.93,"",NaN,0,,"",NaN,39.5,118.5,-0.93,"",NaN,0,,"",NaN,39.5,118.5,-0.93,"",NaN,0,,""
40,120,-0.96,"",NaN,0,,"",NaN,40,120,-0.96,"",NaN,0,,"",NaN,40,120,-0.27,150.8125,155.21875,4.40625,0.9929823694,"0",NaN,40,120,-0.27,150.84375,155.21875,4.375,0.9929327736,"0",NaN,40,120,-0.27,150.8125,155.21875,4.40625,0.9964726521,"0",NaN,40,120,-0.96,"",NaN,0,,"",NaN,40,120,-0.96,"",NaN,0,,"",NaN,40,120,-0.96,"",NaN,0,,""
40.5,121.5,-0.99,"",NaN,0,,"",NaN,40.5,121.5,-0.99,"",NaN,0,,"",NaN,40.5,121.5,-0.3,NaN,NaN,0,,"",NaN,40.5,121.5,-0.3,NaN,NaN,0,,"",NaN,40.5,121.5,-0.3,NaN,NaN,0,,"",NaN,40.5,121.5,-0.99,"",NaN,0,,"",NaN,40.5,121.5,-0.99,"",NaN,0,,"",NaN,40.5,121.5,-0.99,"",NaN,0,,""
41,123,-1.02,"",NaN,0,,"",NaN,41,123,-1.02,"",NaN,0,,"",NaN,41,123,-0.33,NaN,NaN,0,,"",NaN,41,123,-0.33,NaN,NaN,0,,"",NaN,41,123,-0.33,NaN,NaN,0,,"",NaN,41,123,-1.02,"",NaN,0,,"",NaN,41,123,-1.02,"",NaN,0,,"",NaN,41,123,-1.02,"",NaN,0,,""
41.5,124.5,-1.05,"",NaN,0,,"",NaN,41.5,124.5,-1.05,"",NaN,0,,"",NaN,41.5,124.5,-0.36,NaN,NaN,0,,"",NaN,41.5,124.5,-0.36,NaN,NaN,0,,"",NaN,41.5,124.5,-0.36,NaN,NaN,0,,"",NaN,41.5,124.5,-1.05,"",NaN,0,,"",NaN,41.5,124.5,-1.05,"",NaN,0,,"",NaN,41.5,124.5,-1.05,"",NaN,0,,""
42,126,-1.08,"",NaN,0,,"",NaN,42,126,-1.08,"",NaN,0,,"",NaN,42,126,-0.39,NaN,NaN,0,,"",NaN,42,126,-0.39,NaN,NaN,0,,"",NaN,42,126,-0.39,NaN,NaN,0,,"",NaN,42,126,-1.08,"",NaN,0,,"",NaN,42,126,-1.08,"",NaN,0,,"",NaN,42,126,-1.08,"",NaN,0,,""
42.5,127.5,-1.11,"",NaN,0,,"",NaN,42.5,127.5,-1.11,"",NaN,0,,"",NaN,42.5,127.5,-0.42,NaN,NaN,0,,"",NaN,42.5,127.5,-0.42,NaN,NaN,0,,"",NaN,42.5,127.5,-0.42,NaN,NaN,0,,"",NaN,42.5,127.5,-1.11,"",NaN,0,,"",NaN,42.5,127.5,-1.11,"",NaN,0,,"",NaN,42.5,127.5,-1.11,"",NaN,0,,""
43,129,-1.14,"",NaN,0,,"",NaN,43,129,-1.14,"",NaN,0,,"",NaN,43,129,-0.45,NaN,NaN,0,,"",NaN,43,129,-0.45,NaN,NaN,0,,"",NaN,43,129,-0.45,NaN,NaN,0,,"",NaN,43,129,-1.14,"",NaN,0,,"",NaN,43,129,-1.14,"",NaN,0,,"",NaN,43,129,-1.14,"",NaN,0,,""
43.5,130.5,-1.17,"",NaN,0,,"",NaN,43.5,130.5,-1.17,"",NaN,0,,"",NaN,43.5,130.5,-0.48,NaN,NaN,0,,"",NaN,43.5,130.5,-0.48,NaN,NaN,0,,"",NaN,43.5,130.5,-0.48,NaN,NaN,0,,"",NaN,43.5,130.5,-1.17,"",NaN,0,,"",NaN,43.5,130.5,-1.17,"",NaN,0,,"",NaN,43.5,130.5,-1.17,"",NaN,0,,""
44,132,-1.2,"",NaN,0,,"",NaN,44,132,-1.2,"",NaN,0,,"",NaN,44,132,-0.51,NaN,NaN,0,,"",NaN,44,132,-0.51,NaN,NaN,0,,"",NaN,44,132,-0.51,NaN,NaN,0,,"",NaN,44,132,-1.2,"",NaN,0,,"",NaN,44,132,-1.2,"",NaN,0,,"",NaN,44,132,-1.2,"",NaN,0,,""
44.5,133.5,-1.23,"",NaN,0,,"",NaN,44.5,133.5,-1.23,"",NaN,0,,"",NaN,44.5,133.5,-0.54,NaN,NaN,0,,"",NaN,44.5,133.5,-0.54,NaN,NaN,0,,"",NaN,44.5,133.5,-0.54,NaN,NaN,0,,"",NaN,44.5,133.5,-1.23,"",NaN,0,,"",NaN,44.5,133.5,-1.23,"",NaN,0,,"",NaN,44.5,133.5,-1.23,"",NaN,0,,""
45,135,-1.26,"",NaN,0,,"",NaN,45,135,-1.26,"",NaN,0,,"",NaN,45,135,-0.57,150.8125,155.25,4.4375,0.9964973623,"0",NaN,45,135,-0.57,150.84375,155.21875,4.375,0.9929327736,"0",NaN,45,135,-0.57,150.8125,155.25,4.4375,1,"0",NaN,45,135,-1.26,"",NaN,0,,"",NaN,45,135,-1.26,"",NaN,0,,"",NaN,45,135,-1.26,"",NaN,0,,""
45.5,136.5,-1.29,"",NaN,0,,"",NaN,45.5,136.5,-1.29,"",NaN,0,,"",NaN,45.5,136.5,-0.6,NaN,NaN,0,,"",NaN,45.5,136.5,-0.6,NaN,NaN,0,,"",NaN,45.5,136.5,-0.6,NaN,NaN,0,,"",NaN,45.5,136.5,-1.29,"",NaN,0,,"",NaN,45.5,136.5,-1.29,"",NaN,0,,"",NaN,45.5,136.5,-1.29,"",NaN,0,,""
46,138,-1.32,"",NaN,0,,"",NaN,46,138,-1.32,"",NaN,0,,"",NaN,46,138,-0.63,NaN,NaN,0,,"",NaN,46,138,-0.63,NaN,NaN,0,,"",NaN,46,138,-0.63,NaN,NaN,0,,"",NaN,46,138,-1.32,"",NaN,0,,"",NaN,46,138,-1.32,"",NaN,0,,"",NaN,46,138,-1.32,"",NaN,0,,""
46.5,139.5,-1.35,"",NaN,0,,"",NaN,46.5,139.5,-1.35,"",NaN,0,,"",NaN,46.5,139.5,-0.66,NaN,NaN,0,,"",NaN,46.5,139.5,-0.66,NaN,NaN,0,,"",NaN,46.5,139.5,-0.66,NaN,NaN,0,,"",NaN,46.5,139.5,-1.35,"",NaN,0,,"",NaN,46.5,139.5,-1.35,"",NaN,0,,"",NaN,46.5,139.5,-1.35,"",NaN,0,,""
47,141,-1.38,"",NaN,0,,"",NaN,47,141,-1.38,"",NaN,0,,"",NaN,47,141,-0.69,NaN,NaN,0,,"",NaN,47,141,-0.69,NaN,NaN,0,,"",NaN,47,141,-0.69,NaN,NaN,0,,"",NaN,47,141,-1.38,"",NaN,0,,"",NaN,47,141,-1.38,"",NaN,0,,"",NaN,47,141,-1.38,"",NaN,0,,""
47.5,142.5,-1.41,"",NaN,0,,"",NaN,47.5,142.5,-1.41,"",NaN,0,,"",NaN,47.5,142.5,-0.72,NaN,NaN,0,,"",NaN,47.5,142.5,-0.72,NaN,NaN,0,,"",NaN,47.5,142.5,-0.72,NaN,NaN,0,,"",NaN,47.5,142.5,-1.41,"",NaN,0,,"",NaN,47.5,142.5,-1.41,"",NaN,0,,"",NaN,47.5,142.5,-1.41,"",NaN,0,,""
48,144,-1.44,"",NaN,0,,"",NaN,48,144,-1.44,"",NaN,0,,"",NaN,48,144,-0.75,NaN,NaN,0,,"",NaN,48,144,-0.75,NaN,NaN,0,,"",NaN,48,144,-0.75,NaN,NaN,0,,"",NaN,48,144,-1.44,"",NaN,0,,"",NaN,48,144,-1.44,"",NaN,0,,"",NaN,48,144,-1.44,"",NaN,0,,""
48.5,145.5,-1.47,"",NaN,0,,"",NaN,48.5,145.5,-1.47,"",NaN,0,,"",NaN,48.5,145.5,-0.78,NaN,NaN,0,,"",NaN,48.5,145.5,-0.78,NaN,NaN,0,,"",NaN,48.5,145.5,-0.78,NaN,NaN,0,,"",NaN,48.5,145.5,-1.47,"",NaN,0,,"",NaN,48.5,145.5,-1.47,"",NaN,0,,"",NaN,48.5,145.5,-1.47,"",NaN,0,,""
49,147,-1.5,"",NaN,0,,"",NaN,49,147,-1.5,"",NaN,0,,"",NaN,49,147,-0.81,NaN,NaN,0,,"",NaN,49,147,-0.81,NaN,NaN,0,,"",NaN,49,147,-0.81,NaN,NaN,0,,"",NaN,49,147,-1.5,"",NaN,0,,"",NaN,49,147,-1.5,"",NaN,0,,"",NaN,49,147,-1.5,"",NaN,0,,""
49.5,148.5,-1.53,"",NaN,0,,"",NaN,49.5,148.5,-1.53,"",NaN,0,,"",NaN,49.5,148.5,-0.84,NaN,NaN,0,,"",NaN,49.5,148.5,-0.84,NaN,NaN,0,,"",NaN,49.5,148.5,-0.84,NaN,NaN,0,,"",NaN,49.5,148.5,-1.53,"",NaN,0,,"",NaN,49.5,148.5,-1.53,"",NaN,0,,"",NaN,49.5,148.5,-1.53,"",NaN,0,,""
50,150,-1.56,"",NaN,0,,"",NaN,50,150,-1.56,"",NaN,0,,"",NaN,50,150,-0.87,150.8125,155.25,4.4375,0.9964973623,"0",NaN,50,150,-0.87,150.84375,155.21875,4.375,0.9929327736,"0",NaN,50,150,-0.87,150.8125,155.25,4.4375,1,"0",NaN,50,150,-1.56,"",NaN,0,,"",NaN,50,150,-1.56,"",NaN,0,,"",NaN,50,150,-1.56,"",NaN,0,,""
50.5,151.5,-1.59,"",NaN,0,,"",NaN,50.5,151.5,-1.59,"",NaN,0,,"",NaN,50.5,151.5,-0.9,NaN,NaN,0,,"",NaN,50.5,151.5,-0.9,NaN,NaN,0,,"",NaN,50.5,151.5,-0.9,NaN,NaN,0,,"",NaN,50.5,151.5,-1.59,"",NaN,0,,"",NaN,50.5,151.5,-1.59,"",NaN,0,,"",NaN,50.5,151.5,-1.59,"",NaN,0,,""
51,153,-1.62,"",NaN,0,,"",NaN,51,153,-1.62,"",NaN,0,,"",NaN,51,153,-0.93,NaN,NaN,0,,"",NaN,51,153,-0.93,NaN,NaN,0,,"",NaN,51,153,-0.93,NaN,NaN,0,,"",NaN,51,153,-1.62,"",NaN,0,,"",NaN,51,153,-1.62,"",NaN,0,,"",NaN,51,153,-1.62,"",NaN,0,,""
51.5,154.5,-1.65,"",NaN,0,,"",NaN,51.5,154.5,-1.65,"",NaN,0,,"",NaN,51.5,154.5,-0.96,NaN,NaN,0,,"",NaN,51.5,154.5,-0.96,NaN,NaN,0,,"",NaN,51.5,154.5,-0.96,NaN,NaN,0,,"",NaN,51.5,154.5,-1.65,"",NaN,0,,"",NaN,51.5,154.5,-1.65,"",NaN,0,,"",NaN,51.5,154.5,-1.65,"",NaN,0,,""
52,156,-1.68,"",NaN,0,,"",NaN,52,156,-1.68,"",NaN,0,,"",NaN,52,156,-0.99,NaN,NaN,0,,"",NaN,52,156,-0.99,NaN,NaN,0,,"",NaN,52,156,-0.99,NaN,NaN,0,,"",NaN,52,156,-1.68,"",NaN,0,,"",NaN,52,156,-1.68,"",NaN,0,,"",NaN,52,156,-1.68,"",NaN,0,,""
52.5,157.5,-1.71,"",NaN,0,,"",NaN,52.5,157.5,-1.71,"",NaN,0,,"",NaN,52.5,157.5,-1.02,NaN,NaN,0,,"",NaN,52.5,157.5,-1.02,NaN,NaN,0,,"",NaN,52.5,157.5,-1.02,NaN,NaN,0,,"",NaN,52.5,157.5,-1.71,"",NaN,0,,"",NaN,52.5,157.5,-1.71,"",NaN,0,,"",NaN,52.5,157.5,-1.71,"",NaN,0,,""
53,159,-1.74,"",NaN,0,,"",NaN,53,159,-1.74,"",NaN,0,,"",NaN,53,159,-1.05,NaN,NaN,0,,"",NaN,53,159,-1.05,NaN,NaN,0,,"",NaN,53,159,-1.05,NaN,NaN,0,,"",NaN,53,159,-1.74,"",NaN,0,,"",NaN,53,159,-1.74,"",NaN,0,,"",NaN,53,159,-1.74,"",NaN,0,,""
53.5,160.5,-1.77,"",NaN,0,,"",NaN,53.5,160.5,-1.77,"",NaN,0,,"",NaN,53.5,160.5,-1.08,NaN,NaN,0,,"",NaN,53.5,160.5,-1.08,NaN,NaN,0,,"",NaN,53.5,160.5,-1.08,NaN,NaN,0,,"",NaN,53.5,160.5,-1.77,"",NaN,0,,"",NaN,53.5,160.5,-1.77,"",NaN,0,,"",NaN,53.5,160.5,-1.77,"",NaN,0,,""
54,162,-1.8,"",NaN,0,,"",NaN,54,162,-1.8,"",NaN,0,,"",NaN,54,162,-1.11,NaN,NaN,0,,"",NaN,54,162,-1.11,NaN,NaN,0,,"",NaN,54,162,-1.11,NaN,NaN,0,,"",NaN,54,162,-1.8,"",NaN,0,,"",NaN,54,162,-1.8,"",NaN,0,,"",NaN,54,162,-1.8,"",NaN,0,,""
54.5,163.5,-1.83,"",NaN,0,,"",NaN,54.5,163.5,-1.83,"",NaN,0,,"",NaN,54.5,163.5,-1.14,NaN,NaN,0,,"",NaN,54.5,163.5,-1.14,NaN,NaN,0,,"",NaN,54.5,163.5,-1.14,NaN,NaN,0,,"",NaN,54.5,163.5,-1.83,"",NaN,0,,"",NaN,54.5,163.5,-1.83,"",NaN,0,,"",NaN,54.5,163.5,-1.83,"",NaN,0,,""
55,165,-1.86,"",NaN,0,,"",NaN,55,165,-1.86,"",NaN,0,,"",NaN,55,165,-1.17,150.78125,155.25,4.46875,1,"0",NaN,55,165,-1.17,150.8125,155.25,4.4375,1,"0",NaN,55,165,-1.17,150.8125,155.25,4.4375,1,"0",NaN,55,165,-1.86,"",NaN,0,,"",NaN,55,165,-1.86,"",NaN,0,,"",NaN,55,165,-1.86,"",NaN,0,,""
55.5,166.5,-1.89,"",NaN,0,,"",NaN,55.5,166.5,-1.89,"",NaN,0,,"",NaN,55.5,166.5,-1.2,NaN,NaN,0,,"",NaN,55.5,166.5,-1.2,NaN,NaN,0,,"",NaN,55.5,166.5,-1.2,NaN,NaN,0,,"",NaN,55.5,166.5,-1.89,"",NaN,0,,"",NaN,55.5,166.5,-1.89,"",NaN,0,,"",NaN,55.5,166.5,-1.89,"",NaN,0,,""
56,168,-1.92,"",NaN,0,,"",NaN,56,168,-1.92,"",NaN,0,,"",NaN,56,168,-1.23,NaN,NaN,0,,"",NaN,56,168,-1.23,NaN,NaN,0,,"",NaN,56,168,-1.23,NaN,NaN,0,,"",NaN,56,168,-1.92,"",NaN,0,,"",NaN,56,168,-1.92,"",NaN,0,,"",NaN,56,168,-1.92,"",NaN,0,,""
56.5,169.5,-1.95,"",NaN,0,,"",NaN,56.5,169.5,-1.95,"",NaN,0,,"",NaN,56.5,169.5,-1.26,NaN,NaN,0,,"",NaN,56.5,169.5,-1.26,NaN,NaN,0,,"",NaN,56.5,169.5,-1.26,NaN,NaN,0,,"",NaN,56.5,169.5,-1.95,"",NaN,0,,"",NaN,56.5,169.5,-1.95,"",NaN,0,,"",NaN,56.5,169.5,-1.95,"",NaN,0,,""
57,171,-1.98,"",NaN,0,,"",NaN,57,171,-1.98,"",NaN,0,,"",NaN,57,171,-1.29,NaN,NaN,0,,"",NaN,57,171,-1.29,NaN,NaN,0,,"",NaN,57,171,-1.29,NaN,NaN,0,,"",NaN,57,171,-1.98,"",NaN,0,,"",NaN,57,171,-1.98,"",NaN,0,,"",NaN,57,171,-1.98,"",NaN,0,,""
57.5,172.5,-2.01,"",NaN,0,,"",NaN,57.5,172.5,-2.01,"",NaN,0,,"",NaN,57.5,172.5,-1.32,NaN,NaN,0,,"",NaN,57.5,172.5,-1.32,NaN,NaN,0,,"",NaN,57.5,172.5,-1.32,NaN,NaN,0,,"",NaN,57.5,172.5,-2.01,"",NaN,0,,"",NaN,57.5,172.5,-2.01,"",NaN,0,,"",NaN,57.5,172.5,-2.01,"",NaN,0,,""
58,174,-2.04,"",NaN,0,,"",NaN,58,174,-2.04,"",NaN,0,,"",NaN,58,174,-1.35,NaN,NaN,0,,"",NaN,58,174,-1.35,NaN,NaN,0,,"",NaN,58,174,-1.35,NaN,NaN,0,,"",NaN,58,174,-2.04,"",NaN,0,,"",NaN,58,174,-2.04,"",NaN,0,,"",NaN,58,174,-2.04,"",NaN,0,,""
58.5,175.5,-2.07,"",NaN,0,,"",NaN,58.5,175.5,-2.07,"",NaN,0,,"",NaN,58.5,175.5,-1.38,NaN,NaN,0,,"",NaN,58.5,175.5,-1.38,NaN,NaN,0,,"",NaN,58.5,175.5,-1.38,NaN,NaN,0,,"",NaN,58.5,175.5,-2.07,"",NaN,0,,"",NaN,58.5,175.5,-2.07,"",NaN,0,,"",NaN,58.5,175.5,-2.07,"",NaN,0,,""
59,177,-2.1,"",NaN,0,,"",NaN,59,177,-2.1,"",NaN,0,,"",NaN,59,177,-1.41,NaN,NaN,0,,"",NaN,59,177,-1.41,NaN,NaN,0,,"",NaN,59,177,-1.41,NaN,NaN,0,,"",NaN,59,177,-2.1,"",NaN,0,,"",NaN,59,177,-2.1,"",NaN,0,,"",NaN,59,177,-2.1,"",NaN,0,,""
59.5,178.5,-2.13,"",NaN,0,,"",NaN,59.5,178.5,-2.13,"",NaN,0,,"",NaN,59.5,178.5,-1.44,NaN,NaN,0,,"",NaN,59.5,178.5,-1.44,NaN,NaN,0,,"",NaN,59.5,178.5,-1.44,NaN,NaN,0,,"",NaN,59.5,178.5,-2.13,"",NaN,0,,"",NaN,59.5,178.5,-2.13,"",NaN,0,,"",NaN,59.5,178.5,-2.13,"",NaN,0,,""
60,180,-2.16,"",NaN,0,,"",NaN,60,180,-2.16,"",NaN,0,,"",NaN,60,180,-1.47,150.78125,155.25,4.46875,1,"0",NaN,60,180,-1.47,150.8125,155.25,4.4375,1,"0",NaN,60,180,-1.47,150.8125,155.25,4.4375,1,"0",NaN,60,180,-2.16,"",NaN,0,,"",NaN,60,180,-2.16,"",NaN,0,,"",NaN,60,180,-2.16,"",NaN,0,,""
